Workbook

Sheet Dashboard
B1: ☕ BrewBean Inventory Dashboard
B2: 500 outlet–product stock lines · 10 outlets · 50 products · all figures are live formulas
B4: 🛒 TOTAL UNITS SOLD | E4: 🗑️ TOTAL WASTAGE | H4: 📦 TOTAL CLOSING STOCK | L4: 🎯 AVG STOCK UTILIZATION | O4: 🔔 PRODUCTS REQUIRING REORDER
B5: =SUM(Inventory_Clean!$I$2:$I$501) | E5: =SUM(Inventory_Clean!$J$2:$J$501) | H5: =SUM(Inventory_Clean!$Q$2:$Q$501) | L5: =AVERAGE(Inventory_Clean!$T$2:$T$501) | O5: =COUNTIF(Pivot_Tables!$L$42:$L$91,">0")
B7: ="≈ "&TEXT(B5/10,"#,##0")&" per outlet" | E7: =TEXT(E5/SUM(Inventory_Clean!$O$2:$O$501),"0.00%")&" of stock available" | H7: ="Shortfall on "&COUNTIF(Inventory_Clean!$P$2:$P$501,"<0")&" lines: "&TEXT(SUM(Inventory_Clean!$R$2:$R$501),"#,##0")&" units" | L7: =COUNTIF(Inventory_Clean!$T$2:$T$501,">1")&" lines sold above 100% of stock" | O7: =COUNTIF(Inventory_Clean!$U$2:$U$501,"Reorder Required")&" lines ("&TEXT(COUNTIF(Inventory_Clean!$U$2:$U$501,"Reorder Required")/COUNTA(Inventory_Clean!$A$2:$A$501),"0%")&") at/below reorder level"
B57: 💡 BUSINESS INSIGHTS
B58: Highest-selling outlet | E58: =INDEX(Pivot_Tables!$B$7:$B$16,MATCH(MAX(Pivot_Tables!$C$7:$C$16),Pivot_Tables!$C$7:$C$16,0))&" sold the most – "&TEXT(MAX(Pivot_Tables!$C$7:$C$16),"#,##0")&" units ("&TEXT(MAX(Pivot_Tables!$C$7:$C$16)/Pivot_Tables!$C$17,"0.0%")&" of all units). Lowest: "&INDEX(Pivot_Tables!$B$7:$B$16,MATCH(MIN(Pivot_Tables!$C$7:$C$16),Pivot_Tables!$C$7:$C$16,0))&" with "&TEXT(MIN(Pivot_Tables!$C$7:$C$16),"#,##0")&" units."
B59: Highest-wastage outlet | E59: =INDEX(Pivot_Tables!$F$7:$F$16,MATCH(MAX(Pivot_Tables!$G$7:$G$16),Pivot_Tables!$G$7:$G$16,0))&" has the highest wastage – "&TEXT(MAX(Pivot_Tables!$G$7:$G$16),"#,##0")&" units ("&TEXT(INDEX(Pivot_Tables!$H$7:$H$16,MATCH(MAX(Pivot_Tables!$G$7:$G$16),Pivot_Tables!$G$7:$G$16,0)),"0.00%")&" of available stock). Lowest: "&INDEX(Pivot_Tables!$F$7:$F$16,MATCH(MIN(Pivot_Tables!$G$7:$G$16),Pivot_Tables!$G$7:$G$16,0))&" ("&TEXT(MIN(Pivot_Tables!$G$7:$G$16),"#,##0")&" units)."
B60: Best-selling products | E60: ="Top 3 by units sold: "&INDEX(Pivot_Tables!$R$42:$R$51,1)&" ("&TEXT(INDEX(Pivot_Tables!$S$42:$S$51,1),"#,##0")&" units)"&", "&INDEX(Pivot_Tables!$R$42:$R$51,2)&" ("&TEXT(INDEX(Pivot_Tables!$S$42:$S$51,2),"#,##0")&" units)"&" and "&INDEX(Pivot_Tables!$R$42:$R$51,3)&" ("&TEXT(INDEX(Pivot_Tables!$S$42:$S$51,3),"#,##0")&" units)"&"."
B61: Products requiring reorder | E61: =COUNTIF(Pivot_Tables!$L$42:$L$91,">0")&" of "&COUNTA(Pivot_Tables!$K$42:$K$91)&" products are at/below reorder level in at least one outlet ("&COUNTIF(Inventory_Clean!$U$2:$U$501,"Reorder Required")&" of "&COUNTA(Inventory_Clean!$A$2:$A$501)&" lines). Most exposed products (outlets at/below reorder level): "&INDEX(Pivot_Tables!$K$42:$K$91,MATCH(LARGE(Pivot_Tables!$O$42:$O$91,1),Pivot_Tables!$O$42:$O$91,0))&" ("&TEXT(INDEX(Pivot_Tables!$L$42:$L$91,MATCH(LARGE(Pivot_Tables!$O$42:$O$91,1),Pivot_Tables!$O$42:$O$91,0)),"0")&")"&", "&INDEX(Pivot_Tables!$K$42:$K$91,MATCH(LARGE(Pivot_Tables!$O$42:$O$91,2),Pivot_Tables!$O$42:$O$91,0))&" ("&TEXT(INDEX(Pivot_Tables!$L$42:$L$91,MATCH(LARGE(Pivot_Tables!$O$42:$O$91,2),Pivot_Tables!$O$42:$O$91,0)),"0")&")"&", "&INDEX(Pivot_Tables!$K$42:$K$91,MATCH(LARGE(Pivot_Tables!$O$42:$O$91,3),Pivot_Tables!$O$42:$O$91,0))&" ("&TEXT(INDEX(Pivot_Tables!$L$42:$L$91,MATCH(LARGE(Pivot_Tables!$O$42:$O$91,3),Pivot_Tables!$O$42:$O$91,0)),"0")&")"&". Outlet with most reorder lines: "&INDEX(Pivot_Tables!$J$7:$J$16,MATCH(MAX(Pivot_Tables!$M$7:$M$16),Pivot_Tables!$M$7:$M$16,0))&" ("&MAX(Pivot_Tables!$M$7:$M$16)&")."
B62: Outlets with low stock utilization | E62: ="Below the "&TEXT(Pivot_Tables!$P$17,"0.0%")&" average: "&IF(Pivot_Tables!$V$16="","none",Pivot_Tables!$V$16)&". Lowest: "&INDEX(Pivot_Tables!$O$7:$O$16,MATCH(MIN(Pivot_Tables!$P$7:$P$16),Pivot_Tables!$P$7:$P$16,0))&" ("&TEXT(MIN(Pivot_Tables!$P$7:$P$16),"0.0%")&")."
B63: Products with high wastage | E63: ="Highest wastage: "&INDEX(Pivot_Tables!$G$42:$G$91,MATCH(LARGE(Pivot_Tables!$J$42:$J$91,1),Pivot_Tables!$J$42:$J$91,0))&" ("&TEXT(INDEX(Pivot_Tables!$H$42:$H$91,MATCH(LARGE(Pivot_Tables!$J$42:$J$91,1),Pivot_Tables!$J$42:$J$91,0)),"#,##0")&")"&", "&INDEX(Pivot_Tables!$G$42:$G$91,MATCH(LARGE(Pivot_Tables!$J$42:$J$91,2),Pivot_Tables!$J$42:$J$91,0))&" ("&TEXT(INDEX(Pivot_Tables!$H$42:$H$91,MATCH(LARGE(Pivot_Tables!$J$42:$J$91,2),Pivot_Tables!$J$42:$J$91,0)),"#,##0")&")"&", "&INDEX(Pivot_Tables!$G$42:$G$91,MATCH(LARGE(Pivot_Tables!$J$42:$J$91,3),Pivot_Tables!$J$42:$J$91,0))&" ("&TEXT(INDEX(Pivot_Tables!$H$42:$H$91,MATCH(LARGE(Pivot_Tables!$J$42:$J$91,3),Pivot_Tables!$J$42:$J$91,0)),"#,##0")&")"&" units. Overall wastage is "&TEXT(Pivot_Tables!$I$92,"0.00%")&" of available stock – low, so reorder timing matters more than spoilage."
B64: Data alert | E64: =COUNTIF(Inventory_Clean!$P$2:$P$501,"<0")&" lines end with negative calculated closing stock (units sold exceeded Opening + Received on "&COUNTIF(Inventory_Clean!$T$2:$T$501,">1")&" of them), a combined shortfall of "&TEXT(SUM(Inventory_Clean!$R$2:$R$501),"#,##0")&" units. This points to unrecorded stock receipts or under-stocking – verify with the outlets. Largest shortfall: "&INDEX(Pivot_Tables!$J$7:$J$16,MATCH(MAX(Pivot_Tables!$L$7:$L$16),Pivot_Tables!$L$7:$L$16,0))&" ("&TEXT(MAX(Pivot_Tables!$L$7:$L$16),"#,##0")&" units). No date field exists, so true monthly movement could not be built."
B66: Closing Stock = Opening + Received − Units Sold − Wastage (negatives floored at 0 for totals). Utilization = Units Sold ÷ (Opening + Received). Reorder when Closing Stock ≤ Reorder Level.

Sheet PT_Units_Outlet
A1: Units Sold by Outlet
A3: Row Labels | B3: Sum of Units_Sold
A4: BrewBean RS Puram | B4: 5554
A5: BrewBean Saravanampatti | B5: 4676
A6: BrewBean Saibaba Colony | B6: 4557
A7: BrewBean Gandhipuram | B7: 4419
A8: BrewBean Trichy | B8: 4330
A9: BrewBean Madurai | B9: 4293
A10: BrewBean Tiruppur | B10: 4270
A11: BrewBean Peelamedu | B11: 4251
A12: BrewBean Salem | B12: 4194
A13: BrewBean Pollachi | B13: 4028
A14: Grand Total | B14: 44572

Sheet PT_Units_Product
A1: Units Sold by Product (Category ▸ Product)
A3: Row Labels | B3: Sum of Units_Sold
A4: Coffee | B4: 3809
A5: Product 16 | B5: 1096
A6: Product 1 | B6: 1021
A7: Product 31 | B7: 852
A8: Product 46 | B8: 840
A9: Tea | B9: 3674
A10: Product 49 | B10: 992
A11: Product 34 | B11: 917
A12: Product 4 | B12: 887
A13: Product 19 | B13: 878
A14: Fresh Juice | B14: 3641
A15: Product 20 | B15: 1069
... A69: Grand Total | B69: 44572

Sheet PT_Wastage_Outlet
A1: Wastage by Outlet
A3: Row Labels | B3: Sum of Wastage
A4: BrewBean Trichy | B4: 124
A5: BrewBean Peelamedu | B5: 121
A6: BrewBean Salem | B6: 120
A7: BrewBean Madurai | B7: 117
A8: BrewBean Gandhipuram | B8: 115
A9: BrewBean Tiruppur | B9: 113
A10: BrewBean RS Puram | B10: 112
A11: BrewBean Saibaba Colony | B11: 112
A12: BrewBean Saravanampatti | B12: 109
A13: BrewBean Pollachi | B13: 106
A14: Grand Total | B14: 1149

Sheet PT_Wastage_Product
A1: Wastage by Product (Category ▸ Product)
A3: Row Labels | B3: Sum of Wastage
A4: Coffee | B4: 106
A5: Product 31 | B5: 59
A6: Product 46 | B6: 17
A7: Product 1 | B7: 15
A8: Product 16 | B8: 15
A9: Frappes | B9: 104
A10: Product 33 | B10: 58
A11: Product 3 | B11: 17
A12: Product 18 | B12: 16
A13: Product 48 | B13: 13
A14: Tea | B14: 95
A15: Product 34 | B15: 51
... A69: Grand Total | B69: 1149

Sheet PT_Closing_Outlet
A1: Closing Stock by Outlet (negatives floored at 0)
A3: Row Labels | B3: Sum of Closing_Stock_Adj
A4: BrewBean Pollachi | B4: 3841
A5: BrewBean Tiruppur | B5: 3827
A6: BrewBean Peelamedu | B6: 3676
A7: BrewBean Salem | B7: 3554
A8: BrewBean Gandhipuram | B8: 3335
A9: BrewBean Trichy | B9: 3313
A10: BrewBean Saibaba Colony | B10: 3221
A11: BrewBean Madurai | B11: 3201
A12: BrewBean Saravanampatti | B12: 2984
A13: BrewBean RS Puram | B13: 2131
A14: Grand Total | B14: 33083

Sheet PT_Reorder_Product
A1: Reorder Status by Product
A3: Count of Inventory_ID | B3: Column Labels
A4: Row Labels | B4: Reorder Required | C4: Stock Sufficient | D4: Grand Total
A5: Product 42 | B5: 6 | C5: 4 | D5: 10
A6: Product 44 | B6: 6 | C6: 4 | D6: 10
A7: Product 1 | B7: 5 | C7: 5 | D7: 10
A8: Product 20 | B8: 5 | C8: 5 | D8: 10
A9: Product 16 | B9: 4 | C9: 6 | D9: 10
A10: Product 23 | B10: 4 | C10: 6 | D10: 10
A11: Product 26 | B11: 4 | C11: 6 | D11: 10
A12: Product 40 | B12: 4 | C12: 6 | D12: 10
A13: Product 43 | B13: 4 | C13: 6 | D13: 10
A14: Product 49 | B14: 4 | C14: 6 | D14: 10
A15: Product 9 | B15: 4 | C15: 6 | D15: 10
A16: Product 10 | B16: 3 | C16: 7 | D16: 10
... A53: Product 6 | B53: 1 | C53: 9 | D53: 10
A54: Product 7 | C54: 10 | D54: 10
A55: Grand Total | B55: 132 | C55: 368 | D55: 500

Sheet PT_Util_Outlet
A1: Stock Utilization by Outlet (average)
A3: Row Labels | B3: Average of Stock_Utilization_%
A4: BrewBean RS Puram | B4: 0.88622487
A5: BrewBean Saravanampatti | B5: 0.66922749
A6: BrewBean Saibaba Colony | B6: 0.65399514
A7: BrewBean Trichy | B7: 0.63686087
A8: BrewBean Madurai | B8: 0.61014775
A9: BrewBean Gandhipuram | B9: 0.60321679
A10: BrewBean Peelamedu | B10: 0.57971249
A11: BrewBean Tiruppur | B11: 0.57274582
A12: BrewBean Salem | B12: 0.57257037
A13: BrewBean Pollachi | B13: 0.53579447
A14: Grand Total | B14: 0.63204961

Sheet PT_LeadTime
A1: Supplier Lead Time by Outlet (avg days) – no supplier field in data
A3: Row Labels | B3: Average of Supplier_Lead_Time_Days
A4: BrewBean RS Puram | B4: 3.32
A5: BrewBean Saravanampatti | B5: 3.16
A6: BrewBean Salem | B6: 3.12
A7: BrewBean Madurai | B7: 3.06
A8: BrewBean Peelamedu | B8: 3.04
A9: BrewBean Gandhipuram | B9: 3.02
A10: BrewBean Pollachi | B10: 3
A11: BrewBean Tiruppur | B11: 2.94
A12: BrewBean Saibaba Colony | B12: 2.88
A13: BrewBean Trichy | B13: 2.86
A14: Grand Total | B14: 3.04

Sheet PT_Movement
A1: Inventory Movement by Outlet (no date field in data)
A3: Row Labels | B3: Sum of Opening_Stock | C3: Sum of Received_Stock | D3: Sum of Units_Sold | E3: Sum of Wastage | F3: Sum of Closing_Stock_Adj
A4: BrewBean RS Puram | B4: 4419 | C4: 2779 | D4: 5554 | E4: 112 | F4: 2131
A5: BrewBean Saravanampatti | B5: 4625 | C5: 2994 | D5: 4676 | E5: 109 | F5: 2984
A6: BrewBean Saibaba Colony | B6: 4741 | C6: 2927 | D6: 4557 | E6: 112 | F6: 3221
A7: BrewBean Gandhipuram | B7: 5033 | C7: 2733 | D7: 4419 | E7: 115 | F7: 3335
A8: BrewBean Trichy | B8: 4689 | C8: 2867 | D8: 4330 | E8: 124 | F8: 3313
A9: BrewBean Madurai | B9: 4601 | C9: 2910 | D9: 4293 | E9: 117 | F9: 3201
A10: BrewBean Tiruppur | B10: 5149 | C10: 2957 | D10: 4270 | E10: 113 | F10: 3827
A11: BrewBean Peelamedu | B11: 4875 | C11: 3127 | D11: 4251 | E11: 121 | F11: 3676
A12: BrewBean Salem | B12: 4777 | C12: 3021 | D12: 4194 | E12: 120 | F12: 3554
A13: BrewBean Pollachi | B13: 4708 | C13: 3181 | D13: 4028 | E13: 106 | F13: 3841
A14: Grand Total | B14: 47617 | C14: 29496 | D14: 44572 | E14: 1149 | F14: 33083

Sheet Pivot_Tables
B1: 📊 Dashboard data tables (formula-driven – these feed the dashboard charts)
B2: Each block is a separate pivot-style table. Stock Utilization by Outlet is an average of line-level utilization. Totals row = overall.
B5: 1 · Units Sold by Outlet | F5: 3 · Wastage by Outlet | J5: 5 · Closing Stock by Outlet | O5: 7 · Stock Utilization by Outlet
B6: Outlet | C6: Units Sold | D6: Share of Total | F6: Outlet | G6: Wastage (units) | H6: Wastage % | J6: Outlet | K6: Closing Stock | L6: Stock Shortfall | M6: Reorder Lines | O6: Outlet | P6: Avg Utilization % | Q6: Lines > 100% | V6: helper: low-utilization list
B7: BrewBean RS Puram | C7: =SUMIFS(Inventory_Clean!$I$2:$I$501,Inventory_Clean!$C$2:$C$501,$B7) | D7: =IFERROR(C7/C$17,0) | F7: BrewBean Trichy | G7: =SUMIFS(Inventory_Clean!$J$2:$J$501,Inventory_Clean!$C$2:$C$501,$F7) | H7: =IFERROR(SUMIFS(Inventory_Clean!$J$2:$J$501,Inventory_Clean!$C$2:$C$501,$F7)/SUMIFS(Inventory_Clean!$O$2:$O$501,Inventory_Clean!$C$2:$C$501,$F7),0) | J7: BrewBean Pollachi | K7: =SUMIFS(Inventory_Clean!$Q$2:$Q$501,Inventory_Clean!$C$2:$C$501,$J7) | L7: =SUMIFS(Inventory_Clean!$R$2:$R$501,Inventory_Clean!$C$2:$C$501,$J7) | M7: =COUNTIFS(Inventory_Clean!$C$2:$C$501,$J7,Inventory_Clean!$U$2:$U$501,"Reorder Required") | O7: BrewBean RS Puram | P7: =IFERROR(AVERAGEIFS(Inventory_Clean!$T$2:$T$501,Inventory_Clean!$C$2:$C$501,$O7),0) | Q7: =COUNTIFS(Inventory_Clean!$C$2:$C$501,$O7,Inventory_Clean!$T$2:$T$501,">1") | V7: =IF(P7<$P$17,MID(O7,10,40),"")
B8: BrewBean Saravanampatti | C8: =SUMIFS(Inventory_Clean!$I$2:$I$501,Inventory_Clean!$C$2:$C$501,$B8) | D8: =IFERROR(C8/C$17,0) | F8: BrewBean Peelamedu | G8: =SUMIFS(Inventory_Clean!$J$2:$J$501,Inventory_Clean!$C$2:$C$501,$F8) | H8: =IFERROR(SUMIFS(Inventory_Clean!$J$2:$J$501,Inventory_Clean!$C$2:$C$501,$F8)/SUMIFS(Inventory_Clean!$O$2:$O$501,Inventory_Clean!$C$2:$C$501,$F8),0) | J8: BrewBean Tiruppur | K8: =SUMIFS(Inventory_Clean!$Q$2:$Q$501,Inventory_Clean!$C$2:$C$501,$J8) | L8: =SUMIFS(Inventory_Clean!$R$2:$R$501,Inventory_Clean!$C$2:$C$501,$J8) | M8: =COUNTIFS(Inventory_Clean!$C$2:$C$501,$J8,Inventory_Clean!$U$2:$U$501,"Reorder Required") | O8: BrewBean Saravanampatti | P8: =IFERROR(AVERAGEIFS(Inventory_Clean!$T$2:$T$501,Inventory_Clean!$C$2:$C$501,$O8),0) | Q8: =COUNTIFS(Inventory_Clean!$C$2:$C$501,$O8,Inventory_Clean!$T$2:$T$501,">1") | V8: =IF(P8<$P$17,IF(V7="","",V7&", ")&MID(O8,10,40),V7)
B9: BrewBean Saibaba Colony | C9: =SUMIFS(Inventory_Clean!$I$2:$I$501,Inventory_Clean!$C$2:$C$501,$B9) | D9: =IFERROR(C9/C$17,0) | F9: BrewBean Salem | G9: =SUMIFS(Inventory_Clean!$J$2:$J$501,Inventory_Clean!$C$2:$C$501,$F9) | H9: =IFERROR(SUMIFS(Inventory_Clean!$J$2:$J$501,Inventory_Clean!$C$2:$C$501,$F9)/SUMIFS(Inventory_Clean!$O$2:$O$501,Inventory_Clean!$C$2:$C$501,$F9),0) | J9: BrewBean Peelamedu | K9: =SUMIFS(Inventory_Clean!$Q$2:$Q$501,Inventory_Clean!$C$2:$C$501,$J9) | L9: =SUMIFS(Inventory_Clean!$R$2:$R$501,Inventory_Clean!$C$2:$C$501,$J9) | M9: =COUNTIFS(Inventory_Clean!$C$2:$C$501,$J9,Inventory_Clean!$U$2:$U$501,"Reorder Required") | O9: BrewBean Saibaba Colony | P9: =IFERROR(AVERAGEIFS(Inventory_Clean!$T$2:$T$501,Inventory_Clean!$C$2:$C$501,$O9),0) | Q9: =COUNTIFS(Inventory_Clean!$C$2:$C$501,$O9,Inventory_Clean!$T$2:$T$501,">1") | V9: =IF(P9<$P$17,IF(V8="","",V8&", ")&MID(O9,10,40),V8)
B10: BrewBean Gandhipuram | C10: =SUMIFS(Inventory_Clean!$I$2:$I$501,Inventory_Clean!$C$2:$C$501,$B10) | D10: =IFERROR(C10/C$17,0) | F10: BrewBean Madurai | G10: =SUMIFS(Inventory_Clean!$J$2:$J$501,Inventory_Clean!$C$2:$C$501,$F10) | H10: =IFERROR(SUMIFS(Inventory_Clean!$J$2:$J$501,Inventory_Clean!$C$2:$C$501,$F10)/SUMIFS(Inventory_Clean!$O$2:$O$501,Inventory_Clean!$C$2:$C$501,$F10),0) | J10: BrewBean Salem | K10: =SUMIFS(Inventory_Clean!$Q$2:$Q$501,Inventory_Clean!$C$2:$C$501,$J10) | L10: =SUMIFS(Inventory_Clean!$R$2:$R$501,Inventory_Clean!$C$2:$C$501,$J10) | M10: =COUNTIFS(Inventory_Clean!$C$2:$C$501,$J10,Inventory_Clean!$U$2:$U$501,"Reorder Required") | O10: BrewBean Trichy | P10: =IFERROR(AVERAGEIFS(Inventory_Clean!$T$2:$T$501,Inventory_Clean!$C$2:$C$501,$O10),0) | Q10: =COUNTIFS(Inventory_Clean!$C$2:$C$501,$O10,Inventory_Clean!$T$2:$T$501,">1") | V10: =IF(P10<$P$17,IF(V9="","",V9&", ")&MID(O10,10,40),V9)
B11: BrewBean Trichy | C11: =SUMIFS(Inventory_Clean!$I$2:$I$501,Inventory_Clean!$C$2:$C$501,$B11) | D11: =IFERROR(C11/C$17,0) | F11: BrewBean Gandhipuram | G11: =SUMIFS(Inventory_Clean!$J$2:$J$501,Inventory_Clean!$C$2:$C$501,$F11) | H11: =IFERROR(SUMIFS(Inventory_Clean!$J$2:$J$501,Inventory_Clean!$C$2:$C$501,$F11)/SUMIFS(Inventory_Clean!$O$2:$O$501,Inventory_Clean!$C$2:$C$501,$F11),0) | J11: BrewBean Gandhipuram | K11: =SUMIFS(Inventory_Clean!$Q$2:$Q$501,Inventory_Clean!$C$2:$C$501,$J11) | L11: =SUMIFS(Inventory_Clean!$R$2:$R$501,Inventory_Clean!$C$2:$C$501,$J11) | M11: =COUNTIFS(Inventory_Clean!$C$2:$C$501,$J11,Inventory_Clean!$U$2:$U$501,"Reorder Required") | O11: BrewBean Madurai | P11: =IFERROR(AVERAGEIFS(Inventory_Clean!$T$2:$T$501,Inventory_Clean!$C$2:$C$501,$O11),0) | Q11: =COUNTIFS(Inventory_Clean!$C$2:$C$501,$O11,Inventory_Clean!$T$2:$T$501,">1") | V11: =IF(P11<$P$17,IF(V10="","",V10&", ")&MID(O11,10,40),V10)
B12: BrewBean Madurai | C12: =SUMIFS(Inventory_Clean!$I$2:$I$501,Inventory_Clean!$C$2:$C$501,$B12) | D12: =IFERROR(C12/C$17,0) | F12: BrewBean Tiruppur | G12: =SUMIFS(Inventory_Clean!$J$2:$J$501,Inventory_Clean!$C$2:$C$501,$F12) | H12: =IFERROR(SUMIFS(Inventory_Clean!$J$2:$J$501,Inventory_Clean!$C$2:$C$501,$F12)/SUMIFS(Inventory_Clean!$O$2:$O$501,Inventory_Clean!$C$2:$C$501,$F12),0) | J12: BrewBean Trichy | K12: =SUMIFS(Inventory_Clean!$Q$2:$Q$501,Inventory_Clean!$C$2:$C$501,$J12) | L12: =SUMIFS(Inventory_Clean!$R$2:$R$501,Inventory_Clean!$C$2:$C$501,$J12) | M12: =COUNTIFS(Inventory_Clean!$C$2:$C$501,$J12,Inventory_Clean!$U$2:$U$501,"Reorder Required") | O12: BrewBean Gandhipuram | P12: =IFERROR(AVERAGEIFS(Inventory_Clean!$T$2:$T$501,Inventory_Clean!$C$2:$C$501,$O12),0) | Q12: =COUNTIFS(Inventory_Clean!$C$2:$C$501,$O12,Inventory_Clean!$T$2:$T$501,">1") | V12: =IF(P12<$P$17,IF(V11="","",V11&", ")&MID(O12,10,40),V11)
B13: BrewBean Tiruppur | C13: =SUMIFS(Inventory_Clean!$I$2:$I$501,Inventory_Clean!$C$2:$C$501,$B13) | D13: =IFERROR(C13/C$17,0) | F13: BrewBean RS Puram | G13: =SUMIFS(Inventory_Clean!$J$2:$J$501,Inventory_Clean!$C$2:$C$501,$F13) | H13: =IFERROR(SUMIFS(Inventory_Clean!$J$2:$J$501,Inventory_Clean!$C$2:$C$501,$F13)/SUMIFS(Inventory_Clean!$O$2:$O$501,Inventory_Clean!$C$2:$C$501,$F13),0) | J13: BrewBean Saibaba Colony | K13: =SUMIFS(Inventory_Clean!$Q$2:$Q$501,Inventory_Clean!$C$2:$C$501,$J13) | L13: =SUMIFS(Inventory_Clean!$R$2:$R$501,Inventory_Clean!$C$2:$C$501,$J13) | M13: =COUNTIFS(Inventory_Clean!$C$2:$C$501,$J13,Inventory_Clean!$U$2:$U$501,"Reorder Required") | O13: BrewBean Peelamedu | P13: =IFERROR(AVERAGEIFS(Inventory_Clean!$T$2:$T$501,Inventory_Clean!$C$2:$C$501,$O13),0) | Q13: =COUNTIFS(Inventory_Clean!$C$2:$C$501,$O13,Inventory_Clean!$T$2:$T$501,">1") | V13: =IF(P13<$P$17,IF(V12="","",V12&", ")&MID(O13,10,40),V12)
B14: BrewBean Peelamedu | C14: =SUMIFS(Inventory_Clean!$I$2:$I$501,Inventory_Clean!$C$2:$C$501,$B14) | D14: =IFERROR(C14/C$17,0) | F14: BrewBean Saibaba Colony | G14: =SUMIFS(Inventory_Clean!$J$2:$J$501,Inventory_Clean!$C$2:$C$501,$F14) | H14: =IFERROR(SUMIFS(Inventory_Clean!$J$2:$J$501,Inventory_Clean!$C$2:$C$501,$F14)/SUMIFS(Inventory_Clean!$O$2:$O$501,Inventory_Clean!$C$2:$C$501,$F14),0) | J14: BrewBean Madurai | K14: =SUMIFS(Inventory_Clean!$Q$2:$Q$501,Inventory_Clean!$C$2:$C$501,$J14) | L14: =SUMIFS(Inventory_Clean!$R$2:$R$501,Inventory_Clean!$C$2:$C$501,$J14) | M14: =COUNTIFS(Inventory_Clean!$C$2:$C$501,$J14,Inventory_Clean!$U$2:$U$501,"Reorder Required") | O14: BrewBean Tiruppur | P14: =IFERROR(AVERAGEIFS(Inventory_Clean!$T$2:$T$501,Inventory_Clean!$C$2:$C$501,$O14),0) | Q14: =COUNTIFS(Inventory_Clean!$C$2:$C$501,$O14,Inventory_Clean!$T$2:$T$501,">1") | V14: =IF(P14<$P$17,IF(V13="","",V13&", ")&MID(O14,10,40),V13)
B15: BrewBean Salem | C15: =SUMIFS(Inventory_Clean!$I$2:$I$501,Inventory_Clean!$C$2:$C$501,$B15) | D15: =IFERROR(C15/C$17,0) | F15: BrewBean Saravanampatti | G15: =SUMIFS(Inventory_Clean!$J$2:$J$501,Inventory_Clean!$C$2:$C$501,$F15) | H15: =IFERROR(SUMIFS(Inventory_Clean!$J$2:$J$501,Inventory_Clean!$C$2:$C$501,$F15)/SUMIFS(Inventory_Clean!$O$2:$O$501,Inventory_Clean!$C$2:$C$501,$F15),0) | J15: BrewBean Saravanampatti | K15: =SUMIFS(Inventory_Clean!$Q$2:$Q$501,Inventory_Clean!$C$2:$C$501,$J15) | L15: =SUMIFS(Inventory_Clean!$R$2:$R$501,Inventory_Clean!$C$2:$C$501,$J15) | M15: =COUNTIFS(Inventory_Clean!$C$2:$C$501,$J15,Inventory_Clean!$U$2:$U$501,"Reorder Required") | O15: BrewBean Salem | P15: =IFERROR(AVERAGEIFS(Inventory_Clean!$T$2:$T$501,Inventory_Clean!$C$2:$C$501,$O15),0) | Q15: =COUNTIFS(Inventory_Clean!$C$2:$C$501,$O15,Inventory_Clean!$T$2:$T$501,">1") | V15: =IF(P15<$P$17,IF(V14="","",V14&", ")&MID(O15,10,40),V14)
B16: BrewBean Pollachi | C16: =SUMIFS(Inventory_Clean!$I$2:$I$501,Inventory_Clean!$C$2:$C$501,$B16) | D16: =IFERROR(C16/C$17,0) | F16: BrewBean Pollachi | G16: =SUMIFS(Inventory_Clean!$J$2:$J$501,Inventory_Clean!$C$2:$C$501,$F16) | H16: =IFERROR(SUMIFS(Inventory_Clean!$J$2:$J$501,Inventory_Clean!$C$2:$C$501,$F16)/SUMIFS(Inventory_Clean!$O$2:$O$501,Inventory_Clean!$C$2:$C$501,$F16),0) | J16: BrewBean RS Puram | K16: =SUMIFS(Inventory_Clean!$Q$2:$Q$501,Inventory_Clean!$C$2:$C$501,$J16) | L16: =SUMIFS(Inventory_Clean!$R$2:$R$501,Inventory_Clean!$C$2:$C$501,$J16) | M16: =COUNTIFS(Inventory_Clean!$C$2:$C$501,$J16,Inventory_Clean!$U$2:$U$501,"Reorder Required") | O16: BrewBean Pollachi | P16: =IFERROR(AVERAGEIFS(Inventory_Clean!$T$2:$T$501,Inventory_Clean!$C$2:$C$501,$O16),0) | Q16: =COUNTIFS(Inventory_Clean!$C$2:$C$501,$O16,Inventory_Clean!$T$2:$T$501,">1") | V16: =IF(P16<$P$17,IF(V15="","",V15&", ")&MID(O16,10,40),V15)
B17: Grand Total | C17: =SUM(C7:C16) | D17: =SUM(D7:D16) | F17: Grand Total | G17: =SUM(G7:G16) | H17: =IFERROR(SUM(Inventory_Clean!$J$2:$J$501)/SUM(Inventory_Clean!$O$2:$O$501),0) | J17: Grand Total | K17: =SUM(K7:K16) | L17: =SUM(L7:L16) | M17: =SUM(M7:M16) | O17: Grand Total | P17: =AVERAGE(Inventory_Clean!$T$2:$T$501) | Q17: =SUM(Q7:Q16)
B20: 9a · Supplier Lead Time by Outlet (days) | F20: 9b · Supplier Lead Time by Category (days) | K20: 8 · Inventory Movement by Outlet (stock flow)
B21: Outlet | C21: Avg Days | D21: Min | E21: Max | F21: Category | G21: Avg Days | H21: Min | I21: Max | K21: Outlet | L21: Opening Stock | M21: Received | N21: Units Sold | O21: Wastage | P21: Closing Stock
B22: BrewBean Trichy | C22: =IFERROR(AVERAGEIFS(Inventory_Clean!$L$2:$L$501,Inventory_Clean!$C$2:$C$501,$B22),0) | D22: =_xlfn.MINIFS(Inventory_Clean!$L$2:$L$501,Inventory_Clean!$C$2:$C$501,$B22) | E22: =_xlfn.MAXIFS(Inventory_Clean!$L$2:$L$501,Inventory_Clean!$C$2:$C$501,$B22) | F22: Coffee | G22: =IFERROR(AVERAGEIFS(Inventory_Clean!$L$2:$L$501,Inventory_Clean!$F$2:$F$501,$F22),0) | H22: =_xlfn.MINIFS(Inventory_Clean!$L$2:$L$501,Inventory_Clean!$F$2:$F$501,$F22) | I22: =_xlfn.MAXIFS(Inventory_Clean!$L$2:$L$501,Inventory_Clean!$F$2:$F$501,$F22) | K22: BrewBean RS Puram | L22: =SUMIFS(Inventory_Clean!$G$2:$G$501,Inventory_Clean!$C$2:$C$501,$K22) | M22: =SUMIFS(Inventory_Clean!$H$2:$H$501,Inventory_Clean!$C$2:$C$501,$K22) | N22: =SUMIFS(Inventory_Clean!$I$2:$I$501,Inventory_Clean!$C$2:$C$501,$K22) | O22: =SUMIFS(Inventory_Clean!$J$2:$J$501,Inventory_Clean!$C$2:$C$501,$K22) | P22: =SUMIFS(Inventory_Clean!$Q$2:$Q$501,Inventory_Clean!$C$2:$C$501,$K22)
B23: BrewBean Saibaba Colony | C23: =IFERROR(AVERAGEIFS(Inventory_Clean!$L$2:$L$501,Inventory_Clean!$C$2:$C$501,$B23),0) | D23: =_xlfn.MINIFS(Inventory_Clean!$L$2:$L$501,Inventory_Clean!$C$2:$C$501,$B23) | E23: =_xlfn.MAXIFS(Inventory_Clean!$L$2:$L$501,Inventory_Clean!$C$2:$C$501,$B23) | F23: Tea | G23: =IFERROR(AVERAGEIFS(Inventory_Clean!$L$2:$L$501,Inventory_Clean!$F$2:$F$501,$F23),0) | H23: =_xlfn.MINIFS(Inventory_Clean!$L$2:$L$501,Inventory_Clean!$F$2:$F$501,$F23) | I23: =_xlfn.MAXIFS(Inventory_Clean!$L$2:$L$501,Inventory_Clean!$F$2:$F$501,$F23) | K23: BrewBean Saravanampatti | L23: =SUMIFS(Inventory_Clean!$G$2:$G$501,Inventory_Clean!$C$2:$C$501,$K23) | M23: =SUMIFS(Inventory_Clean!$H$2:$H$501,Inventory_Clean!$C$2:$C$501,$K23) | N23: =SUMIFS(Inventory_Clean!$I$2:$I$501,Inventory_Clean!$C$2:$C$501,$K23) | O23: =SUMIFS(Inventory_Clean!$J$2:$J$501,Inventory_Clean!$C$2:$C$501,$K23) | P23: =SUMIFS(Inventory_Clean!$Q$2:$Q$501,Inventory_Clean!$C$2:$C$501,$K23)
B24: BrewBean Tiruppur | C24: =IFERROR(AVERAGEIFS(Inventory_Clean!$L$2:$L$501,Inventory_Clean!$C$2:$C$501,$B24),0) | D24: =_xlfn.MINIFS(Inventory_Clean!$L$2:$L$501,Inventory_Clean!$C$2:$C$501,$B24) | E24: =_xlfn.MAXIFS(Inventory_Clean!$L$2:$L$501,Inventory_Clean!$C$2:$C$501,$B24) | F24: Sandwich | G24: =IFERROR(AVERAGEIFS(Inventory_Clean!$L$2:$L$501,Inventory_Clean!$F$2:$F$501,$F24),0) | H24: =_xlfn.MINIFS(Inventory_Clean!$L$2:$L$501,Inventory_Clean!$F$2:$F$501,$F24) | I24: =_xlfn.MAXIFS(Inventory_Clean!$L$2:$L$501,Inventory_Clean!$F$2:$F$501,$F24) | K24: BrewBean Saibaba Colony | L24: =SUMIFS(Inventory_Clean!$G$2:$G$501,Inventory_Clean!$C$2:$C$501,$K24) | M24: =SUMIFS(Inventory_Clean!$H$2:$H$501,Inventory_Clean!$C$2:$C$501,$K24) | N24: =SUMIFS(Inventory_Clean!$I$2:$I$501,Inventory_Clean!$C$2:$C$501,$K24) | O24: =SUMIFS(Inventory_Clean!$J$2:$J$501,Inventory_Clean!$C$2:$C$501,$K24) | P24: =SUMIFS(Inventory_Clean!$Q$2:$Q$501,Inventory_Clean!$C$2:$C$501,$K24)
B25: BrewBean Pollachi | C25: =IFERROR(AVERAGEIFS(Inventory_Clean!$L$2:$L$501,Inventory_Clean!$C$2:$C$501,$B25),0) | D25: =_xlfn.MINIFS(Inventory_Clean!$L$2:$L$501,Inventory_Clean!$C$2:$C$501,$B25) | E25: =_xlfn.MAXIFS(Inventory_Clean!$L$2:$L$501,Inventory_Clean!$C$2:$C$501,$B25) | F25: Burger | G25: =IFERROR(AVERAGEIFS(Inventory_Clean!$L$2:$L$501,Inventory_Clean!$F$2:$F$501,$F25),0) | H25: =_xlfn.MINIFS(Inventory_Clean!$L$2:$L$501,Inventory_Clean!$F$2:$F$501,$F25) | I25: =_xlfn.MAXIFS(Inventory_Clean!$L$2:$L$501,Inventory_Clean!$F$2:$F$501,$F25) | K25: BrewBean Gandhipuram | L25: =SUMIFS(Inventory_Clean!$G$2:$G$501,Inventory_Clean!$C$2:$C$501,$K25) | M25: =SUMIFS(Inventory_Clean!$H$2:$H$501,Inventory_Clean!$C$2:$C$501,$K25) | N25: =SUMIFS(Inventory_Clean!$I$2:$I$501,Inventory_Clean!$C$2:$C$501,$K25) | O25: =SUMIFS(Inventory_Clean!$J$2:$J$501,Inventory_Clean!$C$2:$C$501,$K25) | P25: =SUMIFS(Inventory_Clean!$Q$2:$Q$501,Inventory_Clean!$C$2:$C$501,$K25)
B26: BrewBean Gandhipuram | C26: =IFERROR(AVERAGEIFS(Inventory_Clean!$L$2:$L$501,Inventory_Clean!$C$2:$C$501,$B26),0) | D26: =_xlfn.MINIFS(Inventory_Clean!$L$2:$L$501,Inventory_Clean!$C$2:$C$501,$B26) | E26: =_xlfn.MAXIFS(Inventory_Clean!$L$2:$L$501,Inventory_Clean!$C$2:$C$501,$B26) | F26: Wrap | G26: =IFERROR(AVERAGEIFS(Inventory_Clean!$L$2:$L$501,Inventory_Clean!$F$2:$F$501,$F26),0) | H26: =_xlfn.MINIFS(Inventory_Clean!$L$2:$L$501,Inventory_Clean!$F$2:$F$501,$F26) | I26: =_xlfn.MAXIFS(Inventory_Clean!$L$2:$L$501,Inventory_Clean!$F$2:$F$501,$F26) | K26: BrewBean Trichy | L26: =SUMIFS(Inventory_Clean!$G$2:$G$501,Inventory_Clean!$C$2:$C$501,$K26) | M26: =SUMIFS(Inventory_Clean!$H$2:$H$501,Inventory_Clean!$C$2:$C$501,$K26) | N26: =SUMIFS(Inventory_Clean!$I$2:$I$501,Inventory_Clean!$C$2:$C$501,$K26) | O26: =SUMIFS(Inventory_Clean!$J$2:$J$501,Inventory_Clean!$C$2:$C$501,$K26) | P26: =SUMIFS(Inventory_Clean!$Q$2:$Q$501,Inventory_Clean!$C$2:$C$501,$K26)
B27: BrewBean Peelamedu | C27: =IFERROR(AVERAGEIFS(Inventory_Clean!$L$2:$L$501,Inventory_Clean!$C$2:$C$501,$B27),0) | D27: =_xlfn.MINIFS(Inventory_Clean!$L$2:$L$501,Inventory_Clean!$C$2:$C$501,$B27) | E27: =_xlfn.MAXIFS(Inventory_Clean!$L$2:$L$501,Inventory_Clean!$C$2:$C$501,$B27) | F27: Smoothie | G27: =IFERROR(AVERAGEIFS(Inventory_Clean!$L$2:$L$501,Inventory_Clean!$F$2:$F$501,$F27),0) | H27: =_xlfn.MINIFS(Inventory_Clean!$L$2:$L$501,Inventory_Clean!$F$2:$F$501,$F27) | I27: =_xlfn.MAXIFS(Inventory_Clean!$L$2:$L$501,Inventory_Clean!$F$2:$F$501,$F27) | K27: BrewBean Madurai | L27: =SUMIFS(Inventory_Clean!$G$2:$G$501,Inventory_Clean!$C$2:$C$501,$K27) | M27: =SUMIFS(Inventory_Clean!$H$2:$H$501,Inventory_Clean!$C$2:$C$501,$K27) | N27: =SUMIFS(Inventory_Clean!$I$2:$I$501,Inventory_Clean!$C$2:$C$501,$K27) | O27: =SUMIFS(Inventory_Clean!$J$2:$J$501,Inventory_Clean!$C$2:$C$501,$K27) | P27: =SUMIFS(Inventory_Clean!$Q$2:$Q$501,Inventory_Clean!$C$2:$C$501,$K27)
B28: BrewBean Madurai | C28: =IFERROR(AVERAGEIFS(Inventory_Clean!$L$2:$L$501,Inventory_Clean!$C$2:$C$501,$B28),0) | D28: =_xlfn.MINIFS(Inventory_Clean!$L$2:$L$501,Inventory_Clean!$C$2:$C$501,$B28) | E28: =_xlfn.MAXIFS(Inventory_Clean!$L$2:$L$501,Inventory_Clean!$C$2:$C$501,$B28) | F28: Dessert | G28: =IFERROR(AVERAGEIFS(Inventory_Clean!$L$2:$L$501,Inventory_Clean!$F$2:$F$501,$F28),0) | H28: =_xlfn.MINIFS(Inventory_Clean!$L$2:$L$501,Inventory_Clean!$F$2:$F$501,$F28) | I28: =_xlfn.MAXIFS(Inventory_Clean!$L$2:$L$501,Inventory_Clean!$F$2:$F$501,$F28) | K28: BrewBean Tiruppur | L28: =SUMIFS(Inventory_Clean!$G$2:$G$501,Inventory_Clean!$C$2:$C$501,$K28) | M28: =SUMIFS(Inventory_Clean!$H$2:$H$501,Inventory_Clean!$C$2:$C$501,$K28) | N28: =SUMIFS(Inventory_Clean!$I$2:$I$501,Inventory_Clean!$C$2:$C$501,$K28) | O28: =SUMIFS(Inventory_Clean!$J$2:$J$501,Inventory_Clean!$C$2:$C$501,$K28) | P28: =SUMIFS(Inventory_Clean!$Q$2:$Q$501,Inventory_Clean!$C$2:$C$501,$K28)
B29: BrewBean Salem | C29: =IFERROR(AVERAGEIFS(Inventory_Clean!$L$2:$L$501,Inventory_Clean!$C$2:$C$501,$B29),0) | D29: =_xlfn.MINIFS(Inventory_Clean!$L$2:$L$501,Inventory_Clean!$C$2:$C$501,$B29) | E29: =_xlfn.MAXIFS(Inventory_Clean!$L$2:$L$501,Inventory_Clean!$C$2:$C$501,$B29) | F29: Fresh Juice | G29: =IFERROR(AVERAGEIFS(Inventory_Clean!$L$2:$L$501,Inventory_Clean!$F$2:$F$501,$F29),0) | H29: =_xlfn.MINIFS(Inventory_Clean!$L$2:$L$501,Inventory_Clean!$F$2:$F$501,$F29) | I29: =_xlfn.MAXIFS(Inventory_Clean!$L$2:$L$501,Inventory_Clean!$F$2:$F$501,$F29) | K29: BrewBean Peelamedu | L29: =SUMIFS(Inventory_Clean!$G$2:$G$501,Inventory_Clean!$C$2:$C$501,$K29) | M29: =SUMIFS(Inventory_Clean!$H$2:$H$501,Inventory_Clean!$C$2:$C$501,$K29) | N29: =SUMIFS(Inventory_Clean!$I$2:$I$501,Inventory_Clean!$C$2:$C$501,$K29) | O29: =SUMIFS(Inventory_Clean!$J$2:$J$501,Inventory_Clean!$C$2:$C$501,$K29) | P29: =SUMIFS(Inventory_Clean!$Q$2:$Q$501,Inventory_Clean!$C$2:$C$501,$K29)
B30: BrewBean Saravanampatti | C30: =IFERROR(AVERAGEIFS(Inventory_Clean!$L$2:$L$501,Inventory_Clean!$C$2:$C$501,$B30),0) | D30: =_xlfn.MINIFS(Inventory_Clean!$L$2:$L$501,Inventory_Clean!$C$2:$C$501,$B30) | E30: =_xlfn.MAXIFS(Inventory_Clean!$L$2:$L$501,Inventory_Clean!$C$2:$C$501,$B30) | F30: Beverage | G30: =IFERROR(AVERAGEIFS(Inventory_Clean!$L$2:$L$501,Inventory_Clean!$F$2:$F$501,$F30),0) | H30: =_xlfn.MINIFS(Inventory_Clean!$L$2:$L$501,Inventory_Clean!$F$2:$F$501,$F30) | I30: =_xlfn.MAXIFS(Inventory_Clean!$L$2:$L$501,Inventory_Clean!$F$2:$F$501,$F30) | K30: BrewBean Salem | L30: =SUMIFS(Inventory_Clean!$G$2:$G$501,Inventory_Clean!$C$2:$C$501,$K30) | M30: =SUMIFS(Inventory_Clean!$H$2:$H$501,Inventory_Clean!$C$2:$C$501,$K30) | N30: =SUMIFS(Inventory_Clean!$I$2:$I$501,Inventory_Clean!$C$2:$C$501,$K30) | O30: =SUMIFS(Inventory_Clean!$J$2:$J$501,Inventory_Clean!$C$2:$C$501,$K30) | P30: =SUMIFS(Inventory_Clean!$Q$2:$Q$501,Inventory_Clean!$C$2:$C$501,$K30)
B31: BrewBean RS Puram | C31: =IFERROR(AVERAGEIFS(Inventory_Clean!$L$2:$L$501,Inventory_Clean!$C$2:$C$501,$B31),0) | D31: =_xlfn.MINIFS(Inventory_Clean!$L$2:$L$501,Inventory_Clean!$C$2:$C$501,$B31) | E31: =_xlfn.MAXIFS(Inventory_Clean!$L$2:$L$501,Inventory_Clean!$C$2:$C$501,$B31) | F31: Cold Coffee | G31: =IFERROR(AVERAGEIFS(Inventory_Clean!$L$2:$L$501,Inventory_Clean!$F$2:$F$501,$F31),0) | H31: =_xlfn.MINIFS(Inventory_Clean!$L$2:$L$501,Inventory_Clean!$F$2:$F$501,$F31) | I31: =_xlfn.MAXIFS(Inventory_Clean!$L$2:$L$501,Inventory_Clean!$F$2:$F$501,$F31) | K31: BrewBean Pollachi | L31: =SUMIFS(Inventory_Clean!$G$2:$G$501,Inventory_Clean!$C$2:$C$501,$K31) | M31: =SUMIFS(Inventory_Clean!$H$2:$H$501,Inventory_Clean!$C$2:$C$501,$K31) | N31: =SUMIFS(Inventory_Clean!$I$2:$I$501,Inventory_Clean!$C$2:$C$501,$K31) | O31: =SUMIFS(Inventory_Clean!$J$2:$J$501,Inventory_Clean!$C$2:$C$501,$K31) | P31: =SUMIFS(Inventory_Clean!$Q$2:$Q$501,Inventory_Clean!$C$2:$C$501,$K31)
B32: Grand Total | C32: =AVERAGE(Inventory_Clean!$L$2:$L$501) | D32: =MIN(Inventory_Clean!$L$2:$L$501) | E32: =MAX(Inventory_Clean!$L$2:$L$501) | F32: Cake | G32: =IFERROR(AVERAGEIFS(Inventory_Clean!$L$2:$L$501,Inventory_Clean!$F$2:$F$501,$F32),0) | H32: =_xlfn.MINIFS(Inventory_Clean!$L$2:$L$501,Inventory_Clean!$F$2:$F$501,$F32) | I32: =_xlfn.MAXIFS(Inventory_Clean!$L$2:$L$501,Inventory_Clean!$F$2:$F$501,$F32) | K32: Grand Total | L32: =SUM(L22:L31) | M32: =SUM(M22:M31) | N32: =SUM(N22:N31) | O32: =SUM(O22:O31) | P32: =SUM(P22:P31)
F33: Cookies | G33: =IFERROR(AVERAGEIFS(Inventory_Clean!$L$2:$L$501,Inventory_Clean!$F$2:$F$501,$F33),0) | H33: =_xlfn.MINIFS(Inventory_Clean!$L$2:$L$501,Inventory_Clean!$F$2:$F$501,$F33) | I33: =_xlfn.MAXIFS(Inventory_Clean!$L$2:$L$501,Inventory_Clean!$F$2:$F$501,$F33)
F34: Pastry | G34: =IFERROR(AVERAGEIFS(Inventory_Clean!$L$2:$L$501,Inventory_Clean!$F$2:$F$501,$F34),0) | H34: =_xlfn.MINIFS(Inventory_Clean!$L$2:$L$501,Inventory_Clean!$F$2:$F$501,$F34) | I34: =_xlfn.MAXIFS(Inventory_Clean!$L$2:$L$501,Inventory_Clean!$F$2:$F$501,$F34)
F35: Frappes | G35: =IFERROR(AVERAGEIFS(Inventory_Clean!$L$2:$L$501,Inventory_Clean!$F$2:$F$501,$F35),0) | H35: =_xlfn.MINIFS(Inventory_Clean!$L$2:$L$501,Inventory_Clean!$F$2:$F$501,$F35) | I35: =_xlfn.MAXIFS(Inventory_Clean!$L$2:$L$501,Inventory_Clean!$F$2:$F$501,$F35)
F36: Sides | G36: =IFERROR(AVERAGEIFS(Inventory_Clean!$L$2:$L$501,Inventory_Clean!$F$2:$F$501,$F36),0) | H36: =_xlfn.MINIFS(Inventory_Clean!$L$2:$L$501,Inventory_Clean!$F$2:$F$501,$F36) | I36: =_xlfn.MAXIFS(Inventory_Clean!$L$2:$L$501,Inventory_Clean!$F$2:$F$501,$F36)
F37: Grand Total | G37: =AVERAGE(Inventory_Clean!$L$2:$L$501) | H37: =MIN(Inventory_Clean!$L$2:$L$501) | I37: =MAX(Inventory_Clean!$L$2:$L$501)
B40: 2 · Units Sold by Product | G40: 4 · Wastage by Product | K40: 6 · Reorder Status by Product | Q40: Top 10 Products by Units Sold (dynamic)
B41: Product | C41: Category | D41: Units Sold | E41: rank key | G41: Product | H41: Wastage (units) | I41: Wastage % | J41: rank key | K41: Product | L41: Reorder Required | M41: Stock Sufficient | N41: % Reorder | O41: rank key | Q41: Rank | R41: Product | S41: Units Sold
B42: Product 16 | C42: =INDEX(Inventory_Clean!$F$2:$F$501,MATCH($B42,Inventory_Clean!$E$2:$E$501,0)) | D42: =SUMIFS(Inventory_Clean!$I$2:$I$501,Inventory_Clean!$E$2:$E$501,$B42) | E42: =D42+ROW()/1000000 | G42: Product 30 | H42: =SUMIFS(Inventory_Clean!$J$2:$J$501,Inventory_Clean!$E$2:$E$501,$G42) | I42: =IFERROR(SUMIFS(Inventory_Clean!$J$2:$J$501,Inventory_Clean!$E$2:$E$501,$G42)/SUMIFS(Inventory_Clean!$O$2:$O$501,Inventory_Clean!$E$2:$E$501,$G42),0) | J42: =H42+ROW()/1000000 | K42: Product 42 | L42: =COUNTIFS(Inventory_Clean!$E$2:$E$501,$K42,Inventory_Clean!$U$2:$U$501,"Reorder Required") | M42: =COUNTIFS(Inventory_Clean!$E$2:$E$501,$K42,Inventory_Clean!$U$2:$U$501,"Stock Sufficient") | N42: =IFERROR(L42/(L42+M42),0) | O42: =L42+ROW()/1000000 | Q42: 1 | R42: =INDEX($B$42:$B$91,MATCH(LARGE($E$42:$E$91,Q42),$E$42:$E$91,0)) | S42: =INDEX($D$42:$D$91,MATCH(LARGE($E$42:$E$91,Q42),$E$42:$E$91,0))
B43: Product 26 | C43: =INDEX(Inventory_Clean!$F$2:$F$501,MATCH($B43,Inventory_Clean!$E$2:$E$501,0)) | D43: =SUMIFS(Inventory_Clean!$I$2:$I$501,Inventory_Clean!$E$2:$E$501,$B43) | E43: =D43+ROW()/1000000 | G43: Product 31 | H43: =SUMIFS(Inventory_Clean!$J$2:$J$501,Inventory_Clean!$E$2:$E$501,$G43) | I43: =IFERROR(SUMIFS(Inventory_Clean!$J$2:$J$501,Inventory_Clean!$E$2:$E$501,$G43)/SUMIFS(Inventory_Clean!$O$2:$O$501,Inventory_Clean!$E$2:$E$501,$G43),0) | J43: =H43+ROW()/1000000 | K43: Product 44 | L43: =COUNTIFS(Inventory_Clean!$E$2:$E$501,$K43,Inventory_Clean!$U$2:$U$501,"Reorder Required") | M43: =COUNTIFS(Inventory_Clean!$E$2:$E$501,$K43,Inventory_Clean!$U$2:$U$501,"Stock Sufficient") | N43: =IFERROR(L43/(L43+M43),0) | O43: =L43+ROW()/1000000 | Q43: 2 | R43: =INDEX($B$42:$B$91,MATCH(LARGE($E$42:$E$91,Q43),$E$42:$E$91,0)) | S43: =INDEX($D$42:$D$91,MATCH(LARGE($E$42:$E$91,Q43),$E$42:$E$91,0))
B44: Product 20 | C44: =INDEX(Inventory_Clean!$F$2:$F$501,MATCH($B44,Inventory_Clean!$E$2:$E$501,0)) | D44: =SUMIFS(Inventory_Clean!$I$2:$I$501,Inventory_Clean!$E$2:$E$501,$B44) | E44: =D44+ROW()/1000000 | G44: Product 33 | H44: =SUMIFS(Inventory_Clean!$J$2:$J$501,Inventory_Clean!$E$2:$E$501,$G44) | I44: =IFERROR(SUMIFS(Inventory_Clean!$J$2:$J$501,Inventory_Clean!$E$2:$E$501,$G44)/SUMIFS(Inventory_Clean!$O$2:$O$501,Inventory_Clean!$E$2:$E$501,$G44),0) | J44: =H44+ROW()/1000000 | K44: Product 1 | L44: =COUNTIFS(Inventory_Clean!$E$2:$E$501,$K44,Inventory_Clean!$U$2:$U$501,"Reorder Required") | M44: =COUNTIFS(Inventory_Clean!$E$2:$E$501,$K44,Inventory_Clean!$U$2:$U$501,"Stock Sufficient") | N44: =IFERROR(L44/(L44+M44),0) | O44: =L44+ROW()/1000000 | Q44: 3 | R44: =INDEX($B$42:$B$91,MATCH(LARGE($E$42:$E$91,Q44),$E$42:$E$91,0)) | S44: =INDEX($D$42:$D$91,MATCH(LARGE($E$42:$E$91,Q44),$E$42:$E$91,0))
B45: Product 9 | C45: =INDEX(Inventory_Clean!$F$2:$F$501,MATCH($B45,Inventory_Clean!$E$2:$E$501,0)) | D45: =SUMIFS(Inventory_Clean!$I$2:$I$501,Inventory_Clean!$E$2:$E$501,$B45) | E45: =D45+ROW()/1000000 | G45: Product 39 | H45: =SUMIFS(Inventory_Clean!$J$2:$J$501,Inventory_Clean!$E$2:$E$501,$G45) | I45: =IFERROR(SUMIFS(Inventory_Clean!$J$2:$J$501,Inventory_Clean!$E$2:$E$501,$G45)/SUMIFS(Inventory_Clean!$O$2:$O$501,Inventory_Clean!$E$2:$E$501,$G45),0) | J45: =H45+ROW()/1000000 | K45: Product 20 | L45: =COUNTIFS(Inventory_Clean!$E$2:$E$501,$K45,Inventory_Clean!$U$2:$U$501,"Reorder Required") | M45: =COUNTIFS(Inventory_Clean!$E$2:$E$501,$K45,Inventory_Clean!$U$2:$U$501,"Stock Sufficient") | N45: =IFERROR(L45/(L45+M45),0) | O45: =L45+ROW()/1000000 | Q45: 4 | R45: =INDEX($B$42:$B$91,MATCH(LARGE($E$42:$E$91,Q45),$E$42:$E$91,0)) | S45: =INDEX($D$42:$D$91,MATCH(LARGE($E$42:$E$91,Q45),$E$42:$E$91,0))
B46: Product 37 | C46: =INDEX(Inventory_Clean!$F$2:$F$501,MATCH($B46,Inventory_Clean!$E$2:$E$501,0)) | D46: =SUMIFS(Inventory_Clean!$I$2:$I$501,Inventory_Clean!$E$2:$E$501,$B46) | E46: =D46+ROW()/1000000 | G46: Product 34 | H46: =SUMIFS(Inventory_Clean!$J$2:$J$501,Inventory_Clean!$E$2:$E$501,$G46) | I46: =IFERROR(SUMIFS(Inventory_Clean!$J$2:$J$501,Inventory_Clean!$E$2:$E$501,$G46)/SUMIFS(Inventory_Clean!$O$2:$O$501,Inventory_Clean!$E$2:$E$501,$G46),0) | J46: =H46+ROW()/1000000 | K46: Product 23 | L46: =COUNTIFS(Inventory_Clean!$E$2:$E$501,$K46,Inventory_Clean!$U$2:$U$501,"Reorder Required") | M46: =COUNTIFS(Inventory_Clean!$E$2:$E$501,$K46,Inventory_Clean!$U$2:$U$501,"Stock Sufficient") | N46: =IFERROR(L46/(L46+M46),0) | O46: =L46+ROW()/1000000 | Q46: 5 | R46: =INDEX($B$42:$B$91,MATCH(LARGE($E$42:$E$91,Q46),$E$42:$E$91,0)) | S46: =INDEX($D$42:$D$91,MATCH(LARGE($E$42:$E$91,Q46),$E$42:$E$91,0))
B47: Product 47 | C47: =INDEX(Inventory_Clean!$F$2:$F$501,MATCH($B47,Inventory_Clean!$E$2:$E$501,0)) | D47: =SUMIFS(Inventory_Clean!$I$2:$I$501,Inventory_Clean!$E$2:$E$501,$B47) | E47: =D47+ROW()/1000000 | G47: Product 36 | H47: =SUMIFS(Inventory_Clean!$J$2:$J$501,Inventory_Clean!$E$2:$E$501,$G47) | I47: =IFERROR(SUMIFS(Inventory_Clean!$J$2:$J$501,Inventory_Clean!$E$2:$E$501,$G47)/SUMIFS(Inventory_Clean!$O$2:$O$501,Inventory_Clean!$E$2:$E$501,$G47),0) | J47: =H47+ROW()/1000000 | K47: Product 16 | L47: =COUNTIFS(Inventory_Clean!$E$2:$E$501,$K47,Inventory_Clean!$U$2:$U$501,"Reorder Required") | M47: =COUNTIFS(Inventory_Clean!$E$2:$E$501,$K47,Inventory_Clean!$U$2:$U$501,"Stock Sufficient") | N47: =IFERROR(L47/(L47+M47),0) | O47: =L47+ROW()/1000000 | Q47: 6 | R47: =INDEX($B$42:$B$91,MATCH(LARGE($E$42:$E$91,Q47),$E$42:$E$91,0)) | S47: =INDEX($D$42:$D$91,MATCH(LARGE($E$42:$E$91,Q47),$E$42:$E$91,0))
B48: Product 1 | C48: =INDEX(Inventory_Clean!$F$2:$F$501,MATCH($B48,Inventory_Clean!$E$2:$E$501,0)) | D48: =SUMIFS(Inventory_Clean!$I$2:$I$501,Inventory_Clean!$E$2:$E$501,$B48) | E48: =D48+ROW()/1000000 | G48: Product 32 | H48: =SUMIFS(Inventory_Clean!$J$2:$J$501,Inventory_Clean!$E$2:$E$501,$G48) | I48: =IFERROR(SUMIFS(Inventory_Clean!$J$2:$J$501,Inventory_Clean!$E$2:$E$501,$G48)/SUMIFS(Inventory_Clean!$O$2:$O$501,Inventory_Clean!$E$2:$E$501,$G48),0) | J48: =H48+ROW()/1000000 | K48: Product 43 | L48: =COUNTIFS(Inventory_Clean!$E$2:$E$501,$K48,Inventory_Clean!$U$2:$U$501,"Reorder Required") | M48: =COUNTIFS(Inventory_Clean!$E$2:$E$501,$K48,Inventory_Clean!$U$2:$U$501,"Stock Sufficient") | N48: =IFERROR(L48/(L48+M48),0) | O48: =L48+ROW()/1000000 | Q48: 7 | R48: =INDEX($B$42:$B$91,MATCH(LARGE($E$42:$E$91,Q48),$E$42:$E$91,0)) | S48: =INDEX($D$42:$D$91,MATCH(LARGE($E$42:$E$91,Q48),$E$42:$E$91,0))
B49: Product 27 | C49: =INDEX(Inventory_Clean!$F$2:$F$501,MATCH($B49,Inventory_Clean!$E$2:$E$501,0)) | D49: =SUMIFS(Inventory_Clean!$I$2:$I$501,Inventory_Clean!$E$2:$E$501,$B49) | E49: =D49+ROW()/1000000 | G49: Product 40 | H49: =SUMIFS(Inventory_Clean!$J$2:$J$501,Inventory_Clean!$E$2:$E$501,$G49) | I49: =IFERROR(SUMIFS(Inventory_Clean!$J$2:$J$501,Inventory_Clean!$E$2:$E$501,$G49)/SUMIFS(Inventory_Clean!$O$2:$O$501,Inventory_Clean!$E$2:$E$501,$G49),0) | J49: =H49+ROW()/1000000 | K49: Product 26 | L49: =COUNTIFS(Inventory_Clean!$E$2:$E$501,$K49,Inventory_Clean!$U$2:$U$501,"Reorder Required") | M49: =COUNTIFS(Inventory_Clean!$E$2:$E$501,$K49,Inventory_Clean!$U$2:$U$501,"Stock Sufficient") | N49: =IFERROR(L49/(L49+M49),0) | O49: =L49+ROW()/1000000 | Q49: 8 | R49: =INDEX($B$42:$B$91,MATCH(LARGE($E$42:$E$91,Q49),$E$42:$E$91,0)) | S49: =INDEX($D$42:$D$91,MATCH(LARGE($E$42:$E$91,Q49),$E$42:$E$91,0))
B50: Product 42 | C50: =INDEX(Inventory_Clean!$F$2:$F$501,MATCH($B50,Inventory_Clean!$E$2:$E$501,0)) | D50: =SUMIFS(Inventory_Clean!$I$2:$I$501,Inventory_Clean!$E$2:$E$501,$B50) | E50: =D50+ROW()/1000000 | G50: Product 35 | H50: =SUMIFS(Inventory_Clean!$J$2:$J$501,Inventory_Clean!$E$2:$E$501,$G50) | I50: =IFERROR(SUMIFS(Inventory_Clean!$J$2:$J$501,Inventory_Clean!$E$2:$E$501,$G50)/SUMIFS(Inventory_Clean!$O$2:$O$501,Inventory_Clean!$E$2:$E$501,$G50),0) | J50: =H50+ROW()/1000000 | K50: Product 9 | L50: =COUNTIFS(Inventory_Clean!$E$2:$E$501,$K50,Inventory_Clean!$U$2:$U$501,"Reorder Required") | M50: =COUNTIFS(Inventory_Clean!$E$2:$E$501,$K50,Inventory_Clean!$U$2:$U$501,"Stock Sufficient") | N50: =IFERROR(L50/(L50+M50),0) | O50: =L50+ROW()/1000000 | Q50: 9 | R50: =INDEX($B$42:$B$91,MATCH(LARGE($E$42:$E$91,Q50),$E$42:$E$91,0)) | S50: =INDEX($D$42:$D$91,MATCH(LARGE($E$42:$E$91,Q50),$E$42:$E$91,0))
B51: Product 11 | C51: =INDEX(Inventory_Clean!$F$2:$F$501,MATCH($B51,Inventory_Clean!$E$2:$E$501,0)) | D51: =SUMIFS(Inventory_Clean!$I$2:$I$501,Inventory_Clean!$E$2:$E$501,$B51) | E51: =D51+ROW()/1000000 | G51: Product 37 | H51: =SUMIFS(Inventory_Clean!$J$2:$J$501,Inventory_Clean!$E$2:$E$501,$G51) | I51: =IFERROR(SUMIFS(Inventory_Clean!$J$2:$J$501,Inventory_Clean!$E$2:$E$501,$G51)/SUMIFS(Inventory_Clean!$O$2:$O$501,Inventory_Clean!$E$2:$E$501,$G51),0) | J51: =H51+ROW()/1000000 | K51: Product 40 | L51: =COUNTIFS(Inventory_Clean!$E$2:$E$501,$K51,Inventory_Clean!$U$2:$U$501,"Reorder Required") | M51: =COUNTIFS(Inventory_Clean!$E$2:$E$501,$K51,Inventory_Clean!$U$2:$U$501,"Stock Sufficient") | N51: =IFERROR(L51/(L51+M51),0) | O51: =L51+ROW()/1000000 | Q51: 10 | R51: =INDEX($B$42:$B$91,MATCH(LARGE($E$42:$E$91,Q51),$E$42:$E$91,0)) | S51: =INDEX($D$42:$D$91,MATCH(LARGE($E$42:$E$91,Q51),$E$42:$E$91,0))
B52: Product 49 | C52: =INDEX(Inventory_Clean!$F$2:$F$501,MATCH($B52,Inventory_Clean!$E$2:$E$501,0)) | D52: =SUMIFS(Inventory_Clean!$I$2:$I$501,Inventory_Clean!$E$2:$E$501,$B52) | E52: =D52+ROW()/1000000 | G52: Product 38 | H52: =SUMIFS(Inventory_Clean!$J$2:$J$501,Inventory_Clean!$E$2:$E$501,$G52) | I52: =IFERROR(SUMIFS(Inventory_Clean!$J$2:$J$501,Inventory_Clean!$E$2:$E$501,$G52)/SUMIFS(Inventory_Clean!$O$2:$O$501,Inventory_Clean!$E$2:$E$501,$G52),0) | J52: =H52+ROW()/1000000 | K52: Product 49 | L52: =COUNTIFS(Inventory_Clean!$E$2:$E$501,$K52,Inventory_Clean!$U$2:$U$501,"Reorder Required") | M52: =COUNTIFS(Inventory_Clean!$E$2:$E$501,$K52,Inventory_Clean!$U$2:$U$501,"Stock Sufficient") | N52: =IFERROR(L52/(L52+M52),0) | O52: =L52+ROW()/1000000
B53: Product 44 | C53: =INDEX(Inventory_Clean!$F$2:$F$501,MATCH($B53,Inventory_Clean!$E$2:$E$501,0)) | D53: =SUMIFS(Inventory_Clean!$I$2:$I$501,Inventory_Clean!$E$2:$E$501,$B53) | E53: =D53+ROW()/1000000 | G53: Product 12 | H53: =SUMIFS(Inventory_Clean!$J$2:$J$501,Inventory_Clean!$E$2:$E$501,$G53) | I53: =IFERROR(SUMIFS(Inventory_Clean!$J$2:$J$501,Inventory_Clean!$E$2:$E$501,$G53)/SUMIFS(Inventory_Clean!$O$2:$O$501,Inventory_Clean!$E$2:$E$501,$G53),0) | J53: =H53+ROW()/1000000 | K53: Product 25 | L53: =COUNTIFS(Inventory_Clean!$E$2:$E$501,$K53,Inventory_Clean!$U$2:$U$501,"Reorder Required") | M53: =COUNTIFS(Inventory_Clean!$E$2:$E$501,$K53,Inventory_Clean!$U$2:$U$501,"Stock Sufficient") | N53: =IFERROR(L53/(L53+M53),0) | O53: =L53+ROW()/1000000
B54: Product 43 | C54: =INDEX(Inventory_Clean!$F$2:$F$501,MATCH($B54,Inventory_Clean!$E$2:$E$501,0)) | D54: =SUMIFS(Inventory_Clean!$I$2:$I$501,Inventory_Clean!$E$2:$E$501,$B54) | E54: =D54+ROW()/1000000 | G54: Product 44 | H54: =SUMIFS(Inventory_Clean!$J$2:$J$501,Inventory_Clean!$E$2:$E$501,$G54) | I54: =IFERROR(SUMIFS(Inventory_Clean!$J$2:$J$501,Inventory_Clean!$E$2:$E$501,$G54)/SUMIFS(Inventory_Clean!$O$2:$O$501,Inventory_Clean!$E$2:$E$501,$G54),0) | J54: =H54+ROW()/1000000 | K54: Product 10 | L54: =COUNTIFS(Inventory_Clean!$E$2:$E$501,$K54,Inventory_Clean!$U$2:$U$501,"Reorder Required") | M54: =COUNTIFS(Inventory_Clean!$E$2:$E$501,$K54,Inventory_Clean!$U$2:$U$501,"Stock Sufficient") | N54: =IFERROR(L54/(L54+M54),0) | O54: =L54+ROW()/1000000
B55: Product 3 | C55: =INDEX(Inventory_Clean!$F$2:$F$501,MATCH($B55,Inventory_Clean!$E$2:$E$501,0)) | D55: =SUMIFS(Inventory_Clean!$I$2:$I$501,Inventory_Clean!$E$2:$E$501,$B55) | E55: =D55+ROW()/1000000 | G55: Product 25 | H55: =SUMIFS(Inventory_Clean!$J$2:$J$501,Inventory_Clean!$E$2:$E$501,$G55) | I55: =IFERROR(SUMIFS(Inventory_Clean!$J$2:$J$501,Inventory_Clean!$E$2:$E$501,$G55)/SUMIFS(Inventory_Clean!$O$2:$O$501,Inventory_Clean!$E$2:$E$501,$G55),0) | J55: =H55+ROW()/1000000 | K55: Product 11 | L55: =COUNTIFS(Inventory_Clean!$E$2:$E$501,$K55,Inventory_Clean!$U$2:$U$501,"Reorder Required") | M55: =COUNTIFS(Inventory_Clean!$E$2:$E$501,$K55,Inventory_Clean!$U$2:$U$501,"Stock Sufficient") | N55: =IFERROR(L55/(L55+M55),0) | O55: =L55+ROW()/1000000 | Q55: Reorder Status (all outlet–product lines)
B56: Product 7 | C56: =INDEX(Inventory_Clean!$F$2:$F$501,MATCH($B56,Inventory_Clean!$E$2:$E$501,0)) | D56: =SUMIFS(Inventory_Clean!$I$2:$I$501,Inventory_Clean!$E$2:$E$501,$B56) | E56: =D56+ROW()/1000000 | G56: Product 43 | H56: =SUMIFS(Inventory_Clean!$J$2:$J$501,Inventory_Clean!$E$2:$E$501,$G56) | I56: =IFERROR(SUMIFS(Inventory_Clean!$J$2:$J$501,Inventory_Clean!$E$2:$E$501,$G56)/SUMIFS(Inventory_Clean!$O$2:$O$501,Inventory_Clean!$E$2:$E$501,$G56),0) | J56: =H56+ROW()/1000000 | K56: Product 19 | L56: =COUNTIFS(Inventory_Clean!$E$2:$E$501,$K56,Inventory_Clean!$U$2:$U$501,"Reorder Required") | M56: =COUNTIFS(Inventory_Clean!$E$2:$E$501,$K56,Inventory_Clean!$U$2:$U$501,"Stock Sufficient") | N56: =IFERROR(L56/(L56+M56),0) | O56: =L56+ROW()/1000000 | Q56: Status | R56: Lines | S56: Share
B57: Product 32 | C57: =INDEX(Inventory_Clean!$F$2:$F$501,MATCH($B57,Inventory_Clean!$E$2:$E$501,0)) | D57: =SUMIFS(Inventory_Clean!$I$2:$I$501,Inventory_Clean!$E$2:$E$501,$B57) | E57: =D57+ROW()/1000000 | G57: Product 29 | H57: =SUMIFS(Inventory_Clean!$J$2:$J$501,Inventory_Clean!$E$2:$E$501,$G57) | I57: =IFERROR(SUMIFS(Inventory_Clean!$J$2:$J$501,Inventory_Clean!$E$2:$E$501,$G57)/SUMIFS(Inventory_Clean!$O$2:$O$501,Inventory_Clean!$E$2:$E$501,$G57),0) | J57: =H57+ROW()/1000000 | K57: Product 2 | L57: =COUNTIFS(Inventory_Clean!$E$2:$E$501,$K57,Inventory_Clean!$U$2:$U$501,"Reorder Required") | M57: =COUNTIFS(Inventory_Clean!$E$2:$E$501,$K57,Inventory_Clean!$U$2:$U$501,"Stock Sufficient") | N57: =IFERROR(L57/(L57+M57),0) | O57: =L57+ROW()/1000000 | Q57: Reorder Required | R57: =COUNTIF(Inventory_Clean!$U$2:$U$501,Q57) | S57: =IFERROR(R57/SUM($R$57:$R$58),0)
B58: Product 25 | C58: =INDEX(Inventory_Clean!$F$2:$F$501,MATCH($B58,Inventory_Clean!$E$2:$E$501,0)) | D58: =SUMIFS(Inventory_Clean!$I$2:$I$501,Inventory_Clean!$E$2:$E$501,$B58) | E58: =D58+ROW()/1000000 | G58: Product 22 | H58: =SUMIFS(Inventory_Clean!$J$2:$J$501,Inventory_Clean!$E$2:$E$501,$G58) | I58: =IFERROR(SUMIFS(Inventory_Clean!$J$2:$J$501,Inventory_Clean!$E$2:$E$501,$G58)/SUMIFS(Inventory_Clean!$O$2:$O$501,Inventory_Clean!$E$2:$E$501,$G58),0) | J58: =H58+ROW()/1000000 | K58: Product 17 | L58: =COUNTIFS(Inventory_Clean!$E$2:$E$501,$K58,Inventory_Clean!$U$2:$U$501,"Reorder Required") | M58: =COUNTIFS(Inventory_Clean!$E$2:$E$501,$K58,Inventory_Clean!$U$2:$U$501,"Stock Sufficient") | N58: =IFERROR(L58/(L58+M58),0) | O58: =L58+ROW()/1000000 | Q58: Stock Sufficient | R58: =COUNTIF(Inventory_Clean!$U$2:$U$501,Q58) | S58: =IFERROR(R58/SUM($R$57:$R$58),0)
B59: Product 34 | C59: =INDEX(Inventory_Clean!$F$2:$F$501,MATCH($B59,Inventory_Clean!$E$2:$E$501,0)) | D59: =SUMIFS(Inventory_Clean!$I$2:$I$501,Inventory_Clean!$E$2:$E$501,$B59) | E59: =D59+ROW()/1000000 | G59: Product 10 | H59: =SUMIFS(Inventory_Clean!$J$2:$J$501,Inventory_Clean!$E$2:$E$501,$G59) | I59: =IFERROR(SUMIFS(Inventory_Clean!$J$2:$J$501,Inventory_Clean!$E$2:$E$501,$G59)/SUMIFS(Inventory_Clean!$O$2:$O$501,Inventory_Clean!$E$2:$E$501,$G59),0) | J59: =H59+ROW()/1000000 | K59: Product 14 | L59: =COUNTIFS(Inventory_Clean!$E$2:$E$501,$K59,Inventory_Clean!$U$2:$U$501,"Reorder Required") | M59: =COUNTIFS(Inventory_Clean!$E$2:$E$501,$K59,Inventory_Clean!$U$2:$U$501,"Stock Sufficient") | N59: =IFERROR(L59/(L59+M59),0) | O59: =L59+ROW()/1000000 | Q59: Total | R59: =SUM(R57:R58)
B60: Product 8 | C60: =INDEX(Inventory_Clean!$F$2:$F$501,MATCH($B60,Inventory_Clean!$E$2:$E$501,0)) | D60: =SUMIFS(Inventory_Clean!$I$2:$I$501,Inventory_Clean!$E$2:$E$501,$B60) | E60: =D60+ROW()/1000000 | G60: Product 13 | H60: =SUMIFS(Inventory_Clean!$J$2:$J$501,Inventory_Clean!$E$2:$E$501,$G60) | I60: =IFERROR(SUMIFS(Inventory_Clean!$J$2:$J$501,Inventory_Clean!$E$2:$E$501,$G60)/SUMIFS(Inventory_Clean!$O$2:$O$501,Inventory_Clean!$E$2:$E$501,$G60),0) | J60: =H60+ROW()/1000000 | K60: Product 8 | L60: =COUNTIFS(Inventory_Clean!$E$2:$E$501,$K60,Inventory_Clean!$U$2:$U$501,"Reorder Required") | M60: =COUNTIFS(Inventory_Clean!$E$2:$E$501,$K60,Inventory_Clean!$U$2:$U$501,"Stock Sufficient") | N60: =IFERROR(L60/(L60+M60),0) | O60: =L60+ROW()/1000000
B61: Product 5 | C61: =INDEX(Inventory_Clean!$F$2:$F$501,MATCH($B61,Inventory_Clean!$E$2:$E$501,0)) | D61: =SUMIFS(Inventory_Clean!$I$2:$I$501,Inventory_Clean!$E$2:$E$501,$B61) | E61: =D61+ROW()/1000000 | G61: Product 4 | H61: =SUMIFS(Inventory_Clean!$J$2:$J$501,Inventory_Clean!$E$2:$E$501,$G61) | I61: =IFERROR(SUMIFS(Inventory_Clean!$J$2:$J$501,Inventory_Clean!$E$2:$E$501,$G61)/SUMIFS(Inventory_Clean!$O$2:$O$501,Inventory_Clean!$E$2:$E$501,$G61),0) | J61: =H61+ROW()/1000000 | K61: Product 41 | L61: =COUNTIFS(Inventory_Clean!$E$2:$E$501,$K61,Inventory_Clean!$U$2:$U$501,"Reorder Required") | M61: =COUNTIFS(Inventory_Clean!$E$2:$E$501,$K61,Inventory_Clean!$U$2:$U$501,"Stock Sufficient") | N61: =IFERROR(L61/(L61+M61),0) | O61: =L61+ROW()/1000000
B62: Product 4 | C62: =INDEX(Inventory_Clean!$F$2:$F$501,MATCH($B62,Inventory_Clean!$E$2:$E$501,0)) | D62: =SUMIFS(Inventory_Clean!$I$2:$I$501,Inventory_Clean!$E$2:$E$501,$B62) | E62: =D62+ROW()/1000000 | G62: Product 3 | H62: =SUMIFS(Inventory_Clean!$J$2:$J$501,Inventory_Clean!$E$2:$E$501,$G62) | I62: =IFERROR(SUMIFS(Inventory_Clean!$J$2:$J$501,Inventory_Clean!$E$2:$E$501,$G62)/SUMIFS(Inventory_Clean!$O$2:$O$501,Inventory_Clean!$E$2:$E$501,$G62),0) | J62: =H62+ROW()/1000000 | K62: Product 29 | L62: =COUNTIFS(Inventory_Clean!$E$2:$E$501,$K62,Inventory_Clean!$U$2:$U$501,"Reorder Required") | M62: =COUNTIFS(Inventory_Clean!$E$2:$E$501,$K62,Inventory_Clean!$U$2:$U$501,"Stock Sufficient") | N62: =IFERROR(L62/(L62+M62),0) | O62: =L62+ROW()/1000000
B63: Product 13 | C63: =INDEX(Inventory_Clean!$F$2:$F$501,MATCH($B63,Inventory_Clean!$E$2:$E$501,0)) | D63: =SUMIFS(Inventory_Clean!$I$2:$I$501,Inventory_Clean!$E$2:$E$501,$B63) | E63: =D63+ROW()/1000000 | G63: Product 27 | H63: =SUMIFS(Inventory_Clean!$J$2:$J$501,Inventory_Clean!$E$2:$E$501,$G63) | I63: =IFERROR(SUMIFS(Inventory_Clean!$J$2:$J$501,Inventory_Clean!$E$2:$E$501,$G63)/SUMIFS(Inventory_Clean!$O$2:$O$501,Inventory_Clean!$E$2:$E$501,$G63),0) | J63: =H63+ROW()/1000000 | K63: Product 3 | L63: =COUNTIFS(Inventory_Clean!$E$2:$E$501,$K63,Inventory_Clean!$U$2:$U$501,"Reorder Required") | M63: =COUNTIFS(Inventory_Clean!$E$2:$E$501,$K63,Inventory_Clean!$U$2:$U$501,"Stock Sufficient") | N63: =IFERROR(L63/(L63+M63),0) | O63: =L63+ROW()/1000000
B64: Product 2 | C64: =INDEX(Inventory_Clean!$F$2:$F$501,MATCH($B64,Inventory_Clean!$E$2:$E$501,0)) | D64: =SUMIFS(Inventory_Clean!$I$2:$I$501,Inventory_Clean!$E$2:$E$501,$B64) | E64: =D64+ROW()/1000000 | G64: Product 23 | H64: =SUMIFS(Inventory_Clean!$J$2:$J$501,Inventory_Clean!$E$2:$E$501,$G64) | I64: =IFERROR(SUMIFS(Inventory_Clean!$J$2:$J$501,Inventory_Clean!$E$2:$E$501,$G64)/SUMIFS(Inventory_Clean!$O$2:$O$501,Inventory_Clean!$E$2:$E$501,$G64),0) | J64: =H64+ROW()/1000000 | K64: Product 32 | L64: =COUNTIFS(Inventory_Clean!$E$2:$E$501,$K64,Inventory_Clean!$U$2:$U$501,"Reorder Required") | M64: =COUNTIFS(Inventory_Clean!$E$2:$E$501,$K64,Inventory_Clean!$U$2:$U$501,"Stock Sufficient") | N64: =IFERROR(L64/(L64+M64),0) | O64: =L64+ROW()/1000000
B65: Product 19 | C65: =INDEX(Inventory_Clean!$F$2:$F$501,MATCH($B65,Inventory_Clean!$E$2:$E$501,0)) | D65: =SUMIFS(Inventory_Clean!$I$2:$I$501,Inventory_Clean!$E$2:$E$501,$B65) | E65: =D65+ROW()/1000000 | G65: Product 46 | H65: =SUMIFS(Inventory_Clean!$J$2:$J$501,Inventory_Clean!$E$2:$E$501,$G65) | I65: =IFERROR(SUMIFS(Inventory_Clean!$J$2:$J$501,Inventory_Clean!$E$2:$E$501,$G65)/SUMIFS(Inventory_Clean!$O$2:$O$501,Inventory_Clean!$E$2:$E$501,$G65),0) | J65: =H65+ROW()/1000000 | K65: Product 38 | L65: =COUNTIFS(Inventory_Clean!$E$2:$E$501,$K65,Inventory_Clean!$U$2:$U$501,"Reorder Required") | M65: =COUNTIFS(Inventory_Clean!$E$2:$E$501,$K65,Inventory_Clean!$U$2:$U$501,"Stock Sufficient") | N65: =IFERROR(L65/(L65+M65),0) | O65: =L65+ROW()/1000000
B66: Product 38 | C66: =INDEX(Inventory_Clean!$F$2:$F$501,MATCH($B66,Inventory_Clean!$E$2:$E$501,0)) | D66: =SUMIFS(Inventory_Clean!$I$2:$I$501,Inventory_Clean!$E$2:$E$501,$B66) | E66: =D66+ROW()/1000000 | G66: Product 41 | H66: =SUMIFS(Inventory_Clean!$J$2:$J$501,Inventory_Clean!$E$2:$E$501,$G66) | I66: =IFERROR(SUMIFS(Inventory_Clean!$J$2:$J$501,Inventory_Clean!$E$2:$E$501,$G66)/SUMIFS(Inventory_Clean!$O$2:$O$501,Inventory_Clean!$E$2:$E$501,$G66),0) | J66: =H66+ROW()/1000000 | K66: Product 37 | L66: =COUNTIFS(Inventory_Clean!$E$2:$E$501,$K66,Inventory_Clean!$U$2:$U$501,"Reorder Required") | M66: =COUNTIFS(Inventory_Clean!$E$2:$E$501,$K66,Inventory_Clean!$U$2:$U$501,"Stock Sufficient") | N66: =IFERROR(L66/(L66+M66),0) | O66: =L66+ROW()/1000000
B67: Product 50 | C67: =INDEX(Inventory_Clean!$F$2:$F$501,MATCH($B67,Inventory_Clean!$E$2:$E$501,0)) | D67: =SUMIFS(Inventory_Clean!$I$2:$I$501,Inventory_Clean!$E$2:$E$501,$B67) | E67: =D67+ROW()/1000000 | G67: Product 26 | H67: =SUMIFS(Inventory_Clean!$J$2:$J$501,Inventory_Clean!$E$2:$E$501,$G67) | I67: =IFERROR(SUMIFS(Inventory_Clean!$J$2:$J$501,Inventory_Clean!$E$2:$E$501,$G67)/SUMIFS(Inventory_Clean!$O$2:$O$501,Inventory_Clean!$E$2:$E$501,$G67),0) | J67: =H67+ROW()/1000000 | K67: Product 27 | L67: =COUNTIFS(Inventory_Clean!$E$2:$E$501,$K67,Inventory_Clean!$U$2:$U$501,"Reorder Required") | M67: =COUNTIFS(Inventory_Clean!$E$2:$E$501,$K67,Inventory_Clean!$U$2:$U$501,"Stock Sufficient") | N67: =IFERROR(L67/(L67+M67),0) | O67: =L67+ROW()/1000000
B68: Product 40 | C68: =INDEX(Inventory_Clean!$F$2:$F$501,MATCH($B68,Inventory_Clean!$E$2:$E$501,0)) | D68: =SUMIFS(Inventory_Clean!$I$2:$I$501,Inventory_Clean!$E$2:$E$501,$B68) | E68: =D68+ROW()/1000000 | G68: Product 2 | H68: =SUMIFS(Inventory_Clean!$J$2:$J$501,Inventory_Clean!$E$2:$E$501,$G68) | I68: =IFERROR(SUMIFS(Inventory_Clean!$J$2:$J$501,Inventory_Clean!$E$2:$E$501,$G68)/SUMIFS(Inventory_Clean!$O$2:$O$501,Inventory_Clean!$E$2:$E$501,$G68),0) | J68: =H68+ROW()/1000000 | K68: Product 46 | L68: =COUNTIFS(Inventory_Clean!$E$2:$E$501,$K68,Inventory_Clean!$U$2:$U$501,"Reorder Required") | M68: =COUNTIFS(Inventory_Clean!$E$2:$E$501,$K68,Inventory_Clean!$U$2:$U$501,"Stock Sufficient") | N68: =IFERROR(L68/(L68+M68),0) | O68: =L68+ROW()/1000000
B69: Product 14 | C69: =INDEX(Inventory_Clean!$F$2:$F$501,MATCH($B69,Inventory_Clean!$E$2:$E$501,0)) | D69: =SUMIFS(Inventory_Clean!$I$2:$I$501,Inventory_Clean!$E$2:$E$501,$B69) | E69: =D69+ROW()/1000000 | G69: Product 18 | H69: =SUMIFS(Inventory_Clean!$J$2:$J$501,Inventory_Clean!$E$2:$E$501,$G69) | I69: =IFERROR(SUMIFS(Inventory_Clean!$J$2:$J$501,Inventory_Clean!$E$2:$E$501,$G69)/SUMIFS(Inventory_Clean!$O$2:$O$501,Inventory_Clean!$E$2:$E$501,$G69),0) | J69: =H69+ROW()/1000000 | K69: Product 34 | L69: =COUNTIFS(Inventory_Clean!$E$2:$E$501,$K69,Inventory_Clean!$U$2:$U$501,"Reorder Required") | M69: =COUNTIFS(Inventory_Clean!$E$2:$E$501,$K69,Inventory_Clean!$U$2:$U$501,"Stock Sufficient") | N69: =IFERROR(L69/(L69+M69),0) | O69: =L69+ROW()/1000000
B70: Product 31 | C70: =INDEX(Inventory_Clean!$F$2:$F$501,MATCH($B70,Inventory_Clean!$E$2:$E$501,0)) | D70: =SUMIFS(Inventory_Clean!$I$2:$I$501,Inventory_Clean!$E$2:$E$501,$B70) | E70: =D70+ROW()/1000000 | G70: Product 19 | H70: =SUMIFS(Inventory_Clean!$J$2:$J$501,Inventory_Clean!$E$2:$E$501,$G70) | I70: =IFERROR(SUMIFS(Inventory_Clean!$J$2:$J$501,Inventory_Clean!$E$2:$E$501,$G70)/SUMIFS(Inventory_Clean!$O$2:$O$501,Inventory_Clean!$E$2:$E$501,$G70),0) | J70: =H70+ROW()/1000000 | K70: Product 50 | L70: =COUNTIFS(Inventory_Clean!$E$2:$E$501,$K70,Inventory_Clean!$U$2:$U$501,"Reorder Required") | M70: =COUNTIFS(Inventory_Clean!$E$2:$E$501,$K70,Inventory_Clean!$U$2:$U$501,"Stock Sufficient") | N70: =IFERROR(L70/(L70+M70),0) | O70: =L70+ROW()/1000000
B71: Product 30 | C71: =INDEX(Inventory_Clean!$F$2:$F$501,MATCH($B71,Inventory_Clean!$E$2:$E$501,0)) | D71: =SUMIFS(Inventory_Clean!$I$2:$I$501,Inventory_Clean!$E$2:$E$501,$B71) | E71: =D71+ROW()/1000000 | G71: Product 21 | H71: =SUMIFS(Inventory_Clean!$J$2:$J$501,Inventory_Clean!$E$2:$E$501,$G71) | I71: =IFERROR(SUMIFS(Inventory_Clean!$J$2:$J$501,Inventory_Clean!$E$2:$E$501,$G71)/SUMIFS(Inventory_Clean!$O$2:$O$501,Inventory_Clean!$E$2:$E$501,$G71),0) | J71: =H71+ROW()/1000000 | K71: Product 45 | L71: =COUNTIFS(Inventory_Clean!$E$2:$E$501,$K71,Inventory_Clean!$U$2:$U$501,"Reorder Required") | M71: =COUNTIFS(Inventory_Clean!$E$2:$E$501,$K71,Inventory_Clean!$U$2:$U$501,"Stock Sufficient") | N71: =IFERROR(L71/(L71+M71),0) | O71: =L71+ROW()/1000000
... B91: Product 45 | C91: =INDEX(Inventory_Clean!$F$2:$F$501,MATCH($B91,Inventory_Clean!$E$2:$E$501,0)) | D91: =SUMIFS(Inventory_Clean!$I$2:$I$501,Inventory_Clean!$E$2:$E$501,$B91) | E91: =D91+ROW()/1000000 | G91: Product 6 | H91: =SUMIFS(Inventory_Clean!$J$2:$J$501,Inventory_Clean!$E$2:$E$501,$G91) | I91: =IFERROR(SUMIFS(Inventory_Clean!$J$2:$J$501,Inventory_Clean!$E$2:$E$501,$G91)/SUMIFS(Inventory_Clean!$O$2:$O$501,Inventory_Clean!$E$2:$E$501,$G91),0) | J91: =H91+ROW()/1000000 | K91: Product 7 | L91: =COUNTIFS(Inventory_Clean!$E$2:$E$501,$K91,Inventory_Clean!$U$2:$U$501,"Reorder Required") | M91: =COUNTIFS(Inventory_Clean!$E$2:$E$501,$K91,Inventory_Clean!$U$2:$U$501,"Stock Sufficient") | N91: =IFERROR(L91/(L91+M91),0) | O91: =L91+ROW()/1000000
B92: Grand Total | D92: =SUM(D42:D91) | G92: Grand Total | H92: =SUM(H42:H91) | I92: =IFERROR(SUM(Inventory_Clean!$J$2:$J$501)/SUM(Inventory_Clean!$O$2:$O$501),0) | K92: Grand Total | L92: =SUM(L42:L91) | M92: =SUM(M42:M91) | N92: =IFERROR(L92/(L92+M92),0)

Sheet Inventory_Clean
A1: Inventory_ID | B1: Outlet_ID | C1: Outlet_Name | D1: Product_ID | E1: Product_Name | F1: Category | G1: Opening_Stock | H1: Received_Stock | I1: Units_Sold | J1: Wastage | K1: Reorder_Level | L1: Supplier_Lead_Time_Days | M1: Closing_Stock_Source | N1: Status_Source | O1: Stock_Available | P1: Closing_Stock | Q1: Closing_Stock_Adj | R1: Stock_Shortfall | S1: Wastage_% | T1: Stock_Utilization_% | U1: Reorder_Status | V1: Data_Check | W1: Remarks
A2: INV00001 | B2: OUT001 | C2: =INDEX(Lookup!$B$2:$B$11,MATCH(B2,Lookup!$A$2:$A$11,0)) | D2: BP001 | E2: =INDEX(Lookup!$E$2:$E$51,MATCH(D2,Lookup!$D$2:$D$51,0)) | F2: =INDEX(Lookup!$F$2:$F$51,MATCH(D2,Lookup!$D$2:$D$51,0)) | G2: 51 | H2: 71 | I2: 174 | J2: 0 | K2: 31 | L2: 1 | M2: 0 | N2: Reorder Required | O2: =G2+H2 | P2: =G2+H2-I2-J2 | Q2: =MAX(0,P2) | R2: =MAX(0,-P2) | S2: =IFERROR(J2/O2,0) | T2: =IFERROR(I2/O2,0) | U2: =IF(P2<=K2,"Reorder Required","Stock Sufficient") | V2: =IF(AND(Q2=M2,(U2="Reorder Required")=(N2="Reorder Required")),"OK","Mismatch") | W2: Restock immediately
A3: INV00002 | B3: OUT001 | C3: =INDEX(Lookup!$B$2:$B$11,MATCH(B3,Lookup!$A$2:$A$11,0)) | D3: BP002 | E3: =INDEX(Lookup!$E$2:$E$51,MATCH(D3,Lookup!$D$2:$D$51,0)) | F3: =INDEX(Lookup!$F$2:$F$51,MATCH(D3,Lookup!$D$2:$D$51,0)) | G3: 127 | H3: 96 | I3: 72 | J3: 2 | K3: 19 | L3: 4 | M3: 149 | N3: Healthy | O3: =G3+H3 | P3: =G3+H3-I3-J3 | Q3: =MAX(0,P3) | R3: =MAX(0,-P3) | S3: =IFERROR(J3/O3,0) | T3: =IFERROR(I3/O3,0) | U3: =IF(P3<=K3,"Reorder Required","Stock Sufficient") | V3: =IF(AND(Q3=M3,(U3="Reorder Required")=(N3="Reorder Required")),"OK","Mismatch")
A4: INV00003 | B4: OUT001 | C4: =INDEX(Lookup!$B$2:$B$11,MATCH(B4,Lookup!$A$2:$A$11,0)) | D4: BP003 | E4: =INDEX(Lookup!$E$2:$E$51,MATCH(D4,Lookup!$D$2:$D$51,0)) | F4: =INDEX(Lookup!$F$2:$F$51,MATCH(D4,Lookup!$D$2:$D$51,0)) | G4: 52 | H4: 22 | I4: 172 | J4: 3 | K4: 17 | L4: 5 | M4: 0 | N4: Reorder Required | O4: =G4+H4 | P4: =G4+H4-I4-J4 | Q4: =MAX(0,P4) | R4: =MAX(0,-P4) | S4: =IFERROR(J4/O4,0) | T4: =IFERROR(I4/O4,0) | U4: =IF(P4<=K4,"Reorder Required","Stock Sufficient") | V4: =IF(AND(Q4=M4,(U4="Reorder Required")=(N4="Reorder Required")),"OK","Mismatch") | W4: Restock immediately
A5: INV00004 | B5: OUT001 | C5: =INDEX(Lookup!$B$2:$B$11,MATCH(B5,Lookup!$A$2:$A$11,0)) | D5: BP004 | E5: =INDEX(Lookup!$E$2:$E$51,MATCH(D5,Lookup!$D$2:$D$51,0)) | F5: =INDEX(Lookup!$F$2:$F$51,MATCH(D5,Lookup!$D$2:$D$51,0)) | G5: 40 | H5: 42 | I5: 144 | J5: 1 | K5: 21 | L5: 2 | M5: 0 | N5: Reorder Required | O5: =G5+H5 | P5: =G5+H5-I5-J5 | Q5: =MAX(0,P5) | R5: =MAX(0,-P5) | S5: =IFERROR(J5/O5,0) | T5: =IFERROR(I5/O5,0) | U5: =IF(P5<=K5,"Reorder Required","Stock Sufficient") | V5: =IF(AND(Q5=M5,(U5="Reorder Required")=(N5="Reorder Required")),"OK","Mismatch") | W5: Restock immediately
A6: INV00005 | B6: OUT001 | C6: =INDEX(Lookup!$B$2:$B$11,MATCH(B6,Lookup!$A$2:$A$11,0)) | D6: BP005 | E6: =INDEX(Lookup!$E$2:$E$51,MATCH(D6,Lookup!$D$2:$D$51,0)) | F6: =INDEX(Lookup!$F$2:$F$51,MATCH(D6,Lookup!$D$2:$D$51,0)) | G6: 104 | H6: 36 | I6: 98 | J6: 3 | K6: 38 | L6: 3 | M6: 39 | N6: Healthy | O6: =G6+H6 | P6: =G6+H6-I6-J6 | Q6: =MAX(0,P6) | R6: =MAX(0,-P6) | S6: =IFERROR(J6/O6,0) | T6: =IFERROR(I6/O6,0) | U6: =IF(P6<=K6,"Reorder Required","Stock Sufficient") | V6: =IF(AND(Q6=M6,(U6="Reorder Required")=(N6="Reorder Required")),"OK","Mismatch")
A7: INV00006 | B7: OUT001 | C7: =INDEX(Lookup!$B$2:$B$11,MATCH(B7,Lookup!$A$2:$A$11,0)) | D7: BP006 | E7: =INDEX(Lookup!$E$2:$E$51,MATCH(D7,Lookup!$D$2:$D$51,0)) | F7: =INDEX(Lookup!$F$2:$F$51,MATCH(D7,Lookup!$D$2:$D$51,0)) | G7: 111 | H7: 25 | I7: 95 | J7: 2 | K7: 32 | L7: 5 | M7: 39 | N7: Healthy | O7: =G7+H7 | P7: =G7+H7-I7-J7 | Q7: =MAX(0,P7) | R7: =MAX(0,-P7) | S7: =IFERROR(J7/O7,0) | T7: =IFERROR(I7/O7,0) | U7: =IF(P7<=K7,"Reorder Required","Stock Sufficient") | V7: =IF(AND(Q7=M7,(U7="Reorder Required")=(N7="Reorder Required")),"OK","Mismatch")
A8: INV00007 | B8: OUT001 | C8: =INDEX(Lookup!$B$2:$B$11,MATCH(B8,Lookup!$A$2:$A$11,0)) | D8: BP007 | E8: =INDEX(Lookup!$E$2:$E$51,MATCH(D8,Lookup!$D$2:$D$51,0)) | F8: =INDEX(Lookup!$F$2:$F$51,MATCH(D8,Lookup!$D$2:$D$51,0)) | G8: 66 | H8: 29 | I8: 66 | J8: 2 | K8: 18 | L8: 4 | M8: 27 | N8: Healthy | O8: =G8+H8 | P8: =G8+H8-I8-J8 | Q8: =MAX(0,P8) | R8: =MAX(0,-P8) | S8: =IFERROR(J8/O8,0) | T8: =IFERROR(I8/O8,0) | U8: =IF(P8<=K8,"Reorder Required","Stock Sufficient") | V8: =IF(AND(Q8=M8,(U8="Reorder Required")=(N8="Reorder Required")),"OK","Mismatch")
A9: INV00008 | B9: OUT001 | C9: =INDEX(Lookup!$B$2:$B$11,MATCH(B9,Lookup!$A$2:$A$11,0)) | D9: BP008 | E9: =INDEX(Lookup!$E$2:$E$51,MATCH(D9,Lookup!$D$2:$D$51,0)) | F9: =INDEX(Lookup!$F$2:$F$51,MATCH(D9,Lookup!$D$2:$D$51,0)) | G9: 96 | H9: 74 | I9: 137 | J9: 1 | K9: 32 | L9: 4 | M9: 32 | N9: Reorder Required | O9: =G9+H9 | P9: =G9+H9-I9-J9 | Q9: =MAX(0,P9) | R9: =MAX(0,-P9) | S9: =IFERROR(J9/O9,0) | T9: =IFERROR(I9/O9,0) | U9: =IF(P9<=K9,"Reorder Required","Stock Sufficient") | V9: =IF(AND(Q9=M9,(U9="Reorder Required")=(N9="Reorder Required")),"OK","Mismatch") | W9: Restock immediately
A10: INV00009 | B10: OUT001 | C10: =INDEX(Lookup!$B$2:$B$11,MATCH(B10,Lookup!$A$2:$A$11,0)) | D10: BP009 | E10: =INDEX(Lookup!$E$2:$E$51,MATCH(D10,Lookup!$D$2:$D$51,0)) | F10: =INDEX(Lookup!$F$2:$F$51,MATCH(D10,Lookup!$D$2:$D$51,0)) | G10: 54 | H10: 84 | I10: 159 | J10: 1 | K10: 37 | L10: 3 | M10: 0 | N10: Reorder Required | O10: =G10+H10 | P10: =G10+H10-I10-J10 | Q10: =MAX(0,P10) | R10: =MAX(0,-P10) | S10: =IFERROR(J10/O10,0) | T10: =IFERROR(I10/O10,0) | U10: =IF(P10<=K10,"Reorder Required","Stock Sufficient") | V10: =IF(AND(Q10=M10,(U10="Reorder Required")=(N10="Reorder Required")),"OK","Mismatch") | W10: Restock immediately
A11: INV00010 | B11: OUT001 | C11: =INDEX(Lookup!$B$2:$B$11,MATCH(B11,Lookup!$A$2:$A$11,0)) | D11: BP010 | E11: =INDEX(Lookup!$E$2:$E$51,MATCH(D11,Lookup!$D$2:$D$51,0)) | F11: =INDEX(Lookup!$F$2:$F$51,MATCH(D11,Lookup!$D$2:$D$51,0)) | G11: 43 | H11: 86 | I11: 101 | J11: 2 | K11: 36 | L11: 3 | M11: 26 | N11: Reorder Required | O11: =G11+H11 | P11: =G11+H11-I11-J11 | Q11: =MAX(0,P11) | R11: =MAX(0,-P11) | S11: =IFERROR(J11/O11,0) | T11: =IFERROR(I11/O11,0) | U11: =IF(P11<=K11,"Reorder Required","Stock Sufficient") | V11: =IF(AND(Q11=M11,(U11="Reorder Required")=(N11="Reorder Required")),"OK","Mismatch") | W11: Restock immediately
A12: INV00011 | B12: OUT001 | C12: =INDEX(Lookup!$B$2:$B$11,MATCH(B12,Lookup!$A$2:$A$11,0)) | D12: BP011 | E12: =INDEX(Lookup!$E$2:$E$51,MATCH(D12,Lookup!$D$2:$D$51,0)) | F12: =INDEX(Lookup!$F$2:$F$51,MATCH(D12,Lookup!$D$2:$D$51,0)) | G12: 127 | H12: 45 | I12: 113 | J12: 1 | K12: 29 | L12: 2 | M12: 58 | N12: Healthy | O12: =G12+H12 | P12: =G12+H12-I12-J12 | Q12: =MAX(0,P12) | R12: =MAX(0,-P12) | S12: =IFERROR(J12/O12,0) | T12: =IFERROR(I12/O12,0) | U12: =IF(P12<=K12,"Reorder Required","Stock Sufficient") | V12: =IF(AND(Q12=M12,(U12="Reorder Required")=(N12="Reorder Required")),"OK","Mismatch")
A13: INV00012 | B13: OUT001 | C13: =INDEX(Lookup!$B$2:$B$11,MATCH(B13,Lookup!$A$2:$A$11,0)) | D13: BP012 | E13: =INDEX(Lookup!$E$2:$E$51,MATCH(D13,Lookup!$D$2:$D$51,0)) | F13: =INDEX(Lookup!$F$2:$F$51,MATCH(D13,Lookup!$D$2:$D$51,0)) | G13: 95 | H13: 53 | I13: 92 | J13: 2 | K13: 21 | L13: 5 | M13: 54 | N13: Healthy | O13: =G13+H13 | P13: =G13+H13-I13-J13 | Q13: =MAX(0,P13) | R13: =MAX(0,-P13) | S13: =IFERROR(J13/O13,0) | T13: =IFERROR(I13/O13,0) | U13: =IF(P13<=K13,"Reorder Required","Stock Sufficient") | V13: =IF(AND(Q13=M13,(U13="Reorder Required")=(N13="Reorder Required")),"OK","Mismatch")
A14: INV00013 | B14: OUT001 | C14: =INDEX(Lookup!$B$2:$B$11,MATCH(B14,Lookup!$A$2:$A$11,0)) | D14: BP013 | E14: =INDEX(Lookup!$E$2:$E$51,MATCH(D14,Lookup!$D$2:$D$51,0)) | F14: =INDEX(Lookup!$F$2:$F$51,MATCH(D14,Lookup!$D$2:$D$51,0)) | G14: 45 | H14: 38 | I14: 105 | J14: 0 | K14: 29 | L14: 1 | M14: 0 | N14: Reorder Required | O14: =G14+H14 | P14: =G14+H14-I14-J14 | Q14: =MAX(0,P14) | R14: =MAX(0,-P14) | S14: =IFERROR(J14/O14,0) | T14: =IFERROR(I14/O14,0) | U14: =IF(P14<=K14,"Reorder Required","Stock Sufficient") | V14: =IF(AND(Q14=M14,(U14="Reorder Required")=(N14="Reorder Required")),"OK","Mismatch") | W14: Restock immediately
A15: INV00014 | B15: OUT001 | C15: =INDEX(Lookup!$B$2:$B$11,MATCH(B15,Lookup!$A$2:$A$11,0)) | D15: BP014 | E15: =INDEX(Lookup!$E$2:$E$51,MATCH(D15,Lookup!$D$2:$D$51,0)) | F15: =INDEX(Lookup!$F$2:$F$51,MATCH(D15,Lookup!$D$2:$D$51,0)) | G15: 101 | H15: 75 | I15: 74 | J15: 0 | K15: 31 | L15: 3 | M15: 102 | N15: Healthy | O15: =G15+H15 | P15: =G15+H15-I15-J15 | Q15: =MAX(0,P15) | R15: =MAX(0,-P15) | S15: =IFERROR(J15/O15,0) | T15: =IFERROR(I15/O15,0) | U15: =IF(P15<=K15,"Reorder Required","Stock Sufficient") | V15: =IF(AND(Q15=M15,(U15="Reorder Required")=(N15="Reorder Required")),"OK","Mismatch")
A16: INV00015 | B16: OUT001 | C16: =INDEX(Lookup!$B$2:$B$11,MATCH(B16,Lookup!$A$2:$A$11,0)) | D16: BP015 | E16: =INDEX(Lookup!$E$2:$E$51,MATCH(D16,Lookup!$D$2:$D$51,0)) | F16: =INDEX(Lookup!$F$2:$F$51,MATCH(D16,Lookup!$D$2:$D$51,0)) | G16: 115 | H16: 25 | I16: 144 | J16: 2 | K16: 32 | L16: 3 | M16: 0 | N16: Reorder Required | O16: =G16+H16 | P16: =G16+H16-I16-J16 | Q16: =MAX(0,P16) | R16: =MAX(0,-P16) | S16: =IFERROR(J16/O16,0) | T16: =IFERROR(I16/O16,0) | U16: =IF(P16<=K16,"Reorder Required","Stock Sufficient") | V16: =IF(AND(Q16=M16,(U16="Reorder Required")=(N16="Reorder Required")),"OK","Mismatch") | W16: Restock immediately
A17: INV00016 | B17: OUT001 | C17: =INDEX(Lookup!$B$2:$B$11,MATCH(B17,Lookup!$A$2:$A$11,0)) | D17: BP016 | E17: =INDEX(Lookup!$E$2:$E$51,MATCH(D17,Lookup!$D$2:$D$51,0)) | F17: =INDEX(Lookup!$F$2:$F$51,MATCH(D17,Lookup!$D$2:$D$51,0)) | G17: 112 | H17: 75 | I17: 96 | J17: 1 | K17: 29 | L17: 1 | M17: 90 | N17: Healthy | O17: =G17+H17 | P17: =G17+H17-I17-J17 | Q17: =MAX(0,P17) | R17: =MAX(0,-P17) | S17: =IFERROR(J17/O17,0) | T17: =IFERROR(I17/O17,0) | U17: =IF(P17<=K17,"Reorder Required","Stock Sufficient") | V17: =IF(AND(Q17=M17,(U17="Reorder Required")=(N17="Reorder Required")),"OK","Mismatch")
A18: INV00017 | B18: OUT001 | C18: =INDEX(Lookup!$B$2:$B$11,MATCH(B18,Lookup!$A$2:$A$11,0)) | D18: BP017 | E18: =INDEX(Lookup!$E$2:$E$51,MATCH(D18,Lookup!$D$2:$D$51,0)) | F18: =INDEX(Lookup!$F$2:$F$51,MATCH(D18,Lookup!$D$2:$D$51,0)) | G18: 131 | H18: 43 | I18: 133 | J18: 0 | K18: 34 | L18: 5 | M18: 41 | N18: Healthy | O18: =G18+H18 | P18: =G18+H18-I18-J18 | Q18: =MAX(0,P18) | R18: =MAX(0,-P18) | S18: =IFERROR(J18/O18,0) | T18: =IFERROR(I18/O18,0) | U18: =IF(P18<=K18,"Reorder Required","Stock Sufficient") | V18: =IF(AND(Q18=M18,(U18="Reorder Required")=(N18="Reorder Required")),"OK","Mismatch")
A19: INV00018 | B19: OUT001 | C19: =INDEX(Lookup!$B$2:$B$11,MATCH(B19,Lookup!$A$2:$A$11,0)) | D19: BP018 | E19: =INDEX(Lookup!$E$2:$E$51,MATCH(D19,Lookup!$D$2:$D$51,0)) | F19: =INDEX(Lookup!$F$2:$F$51,MATCH(D19,Lookup!$D$2:$D$51,0)) | G19: 51 | H19: 53 | I19: 114 | J19: 0 | K19: 23 | L19: 1 | M19: 0 | N19: Reorder Required | O19: =G19+H19 | P19: =G19+H19-I19-J19 | Q19: =MAX(0,P19) | R19: =MAX(0,-P19) | S19: =IFERROR(J19/O19,0) | T19: =IFERROR(I19/O19,0) | U19: =IF(P19<=K19,"Reorder Required","Stock Sufficient") | V19: =IF(AND(Q19=M19,(U19="Reorder Required")=(N19="Reorder Required")),"OK","Mismatch") | W19: Restock immediately
A20: INV00019 | B20: OUT001 | C20: =INDEX(Lookup!$B$2:$B$11,MATCH(B20,Lookup!$A$2:$A$11,0)) | D20: BP019 | E20: =INDEX(Lookup!$E$2:$E$51,MATCH(D20,Lookup!$D$2:$D$51,0)) | F20: =INDEX(Lookup!$F$2:$F$51,MATCH(D20,Lookup!$D$2:$D$51,0)) | G20: 92 | H20: 36 | I20: 89 | J20: 1 | K20: 28 | L20: 2 | M20: 38 | N20: Healthy | O20: =G20+H20 | P20: =G20+H20-I20-J20 | Q20: =MAX(0,P20) | R20: =MAX(0,-P20) | S20: =IFERROR(J20/O20,0) | T20: =IFERROR(I20/O20,0) | U20: =IF(P20<=K20,"Reorder Required","Stock Sufficient") | V20: =IF(AND(Q20=M20,(U20="Reorder Required")=(N20="Reorder Required")),"OK","Mismatch")
A21: INV00020 | B21: OUT001 | C21: =INDEX(Lookup!$B$2:$B$11,MATCH(B21,Lookup!$A$2:$A$11,0)) | D21: BP020 | E21: =INDEX(Lookup!$E$2:$E$51,MATCH(D21,Lookup!$D$2:$D$51,0)) | F21: =INDEX(Lookup!$F$2:$F$51,MATCH(D21,Lookup!$D$2:$D$51,0)) | G21: 72 | H21: 80 | I21: 146 | J21: 1 | K21: 28 | L21: 1 | M21: 5 | N21: Reorder Required | O21: =G21+H21 | P21: =G21+H21-I21-J21 | Q21: =MAX(0,P21) | R21: =MAX(0,-P21) | S21: =IFERROR(J21/O21,0) | T21: =IFERROR(I21/O21,0) | U21: =IF(P21<=K21,"Reorder Required","Stock Sufficient") | V21: =IF(AND(Q21=M21,(U21="Reorder Required")=(N21="Reorder Required")),"OK","Mismatch") | W21: Restock immediately
A22: INV00021 | B22: OUT001 | C22: =INDEX(Lookup!$B$2:$B$11,MATCH(B22,Lookup!$A$2:$A$11,0)) | D22: BP021 | E22: =INDEX(Lookup!$E$2:$E$51,MATCH(D22,Lookup!$D$2:$D$51,0)) | F22: =INDEX(Lookup!$F$2:$F$51,MATCH(D22,Lookup!$D$2:$D$51,0)) | G22: 52 | H22: 31 | I22: 77 | J22: 3 | K22: 19 | L22: 5 | M22: 3 | N22: Reorder Required | O22: =G22+H22 | P22: =G22+H22-I22-J22 | Q22: =MAX(0,P22) | R22: =MAX(0,-P22) | S22: =IFERROR(J22/O22,0) | T22: =IFERROR(I22/O22,0) | U22: =IF(P22<=K22,"Reorder Required","Stock Sufficient") | V22: =IF(AND(Q22=M22,(U22="Reorder Required")=(N22="Reorder Required")),"OK","Mismatch") | W22: Restock immediately
A23: INV00022 | B23: OUT001 | C23: =INDEX(Lookup!$B$2:$B$11,MATCH(B23,Lookup!$A$2:$A$11,0)) | D23: BP022 | E23: =INDEX(Lookup!$E$2:$E$51,MATCH(D23,Lookup!$D$2:$D$51,0)) | F23: =INDEX(Lookup!$F$2:$F$51,MATCH(D23,Lookup!$D$2:$D$51,0)) | G23: 141 | H23: 94 | I23: 115 | J23: 0 | K23: 29 | L23: 5 | M23: 120 | N23: Healthy | O23: =G23+H23 | P23: =G23+H23-I23-J23 | Q23: =MAX(0,P23) | R23: =MAX(0,-P23) | S23: =IFERROR(J23/O23,0) | T23: =IFERROR(I23/O23,0) | U23: =IF(P23<=K23,"Reorder Required","Stock Sufficient") | V23: =IF(AND(Q23=M23,(U23="Reorder Required")=(N23="Reorder Required")),"OK","Mismatch")
A24: INV00023 | B24: OUT001 | C24: =INDEX(Lookup!$B$2:$B$11,MATCH(B24,Lookup!$A$2:$A$11,0)) | D24: BP023 | E24: =INDEX(Lookup!$E$2:$E$51,MATCH(D24,Lookup!$D$2:$D$51,0)) | F24: =INDEX(Lookup!$F$2:$F$51,MATCH(D24,Lookup!$D$2:$D$51,0)) | G24: 55 | H24: 92 | I24: 119 | J24: 3 | K24: 30 | L24: 5 | M24: 25 | N24: Reorder Required | O24: =G24+H24 | P24: =G24+H24-I24-J24 | Q24: =MAX(0,P24) | R24: =MAX(0,-P24) | S24: =IFERROR(J24/O24,0) | T24: =IFERROR(I24/O24,0) | U24: =IF(P24<=K24,"Reorder Required","Stock Sufficient") | V24: =IF(AND(Q24=M24,(U24="Reorder Required")=(N24="Reorder Required")),"OK","Mismatch") | W24: Restock immediately
A25: INV00024 | B25: OUT001 | C25: =INDEX(Lookup!$B$2:$B$11,MATCH(B25,Lookup!$A$2:$A$11,0)) | D25: BP024 | E25: =INDEX(Lookup!$E$2:$E$51,MATCH(D25,Lookup!$D$2:$D$51,0)) | F25: =INDEX(Lookup!$F$2:$F$51,MATCH(D25,Lookup!$D$2:$D$51,0)) | G25: 150 | H25: 69 | I25: 86 | J25: 3 | K25: 28 | L25: 3 | M25: 130 | N25: Healthy | O25: =G25+H25 | P25: =G25+H25-I25-J25 | Q25: =MAX(0,P25) | R25: =MAX(0,-P25) | S25: =IFERROR(J25/O25,0) | T25: =IFERROR(I25/O25,0) | U25: =IF(P25<=K25,"Reorder Required","Stock Sufficient") | V25: =IF(AND(Q25=M25,(U25="Reorder Required")=(N25="Reorder Required")),"OK","Mismatch")
A26: INV00025 | B26: OUT001 | C26: =INDEX(Lookup!$B$2:$B$11,MATCH(B26,Lookup!$A$2:$A$11,0)) | D26: BP025 | E26: =INDEX(Lookup!$E$2:$E$51,MATCH(D26,Lookup!$D$2:$D$51,0)) | F26: =INDEX(Lookup!$F$2:$F$51,MATCH(D26,Lookup!$D$2:$D$51,0)) | G26: 86 | H26: 30 | I26: 117 | J26: 2 | K26: 26 | L26: 5 | M26: 0 | N26: Reorder Required | O26: =G26+H26 | P26: =G26+H26-I26-J26 | Q26: =MAX(0,P26) | R26: =MAX(0,-P26) | S26: =IFERROR(J26/O26,0) | T26: =IFERROR(I26/O26,0) | U26: =IF(P26<=K26,"Reorder Required","Stock Sufficient") | V26: =IF(AND(Q26=M26,(U26="Reorder Required")=(N26="Reorder Required")),"OK","Mismatch") | W26: Restock immediately
A27: INV00026 | B27: OUT001 | C27: =INDEX(Lookup!$B$2:$B$11,MATCH(B27,Lookup!$A$2:$A$11,0)) | D27: BP026 | E27: =INDEX(Lookup!$E$2:$E$51,MATCH(D27,Lookup!$D$2:$D$51,0)) | F27: =INDEX(Lookup!$F$2:$F$51,MATCH(D27,Lookup!$D$2:$D$51,0)) | G27: 53 | H27: 25 | I27: 114 | J27: 2 | K27: 40 | L27: 5 | M27: 0 | N27: Reorder Required | O27: =G27+H27 | P27: =G27+H27-I27-J27 | Q27: =MAX(0,P27) | R27: =MAX(0,-P27) | S27: =IFERROR(J27/O27,0) | T27: =IFERROR(I27/O27,0) | U27: =IF(P27<=K27,"Reorder Required","Stock Sufficient") | V27: =IF(AND(Q27=M27,(U27="Reorder Required")=(N27="Reorder Required")),"OK","Mismatch") | W27: Restock immediately
A28: INV00027 | B28: OUT001 | C28: =INDEX(Lookup!$B$2:$B$11,MATCH(B28,Lookup!$A$2:$A$11,0)) | D28: BP027 | E28: =INDEX(Lookup!$E$2:$E$51,MATCH(D28,Lookup!$D$2:$D$51,0)) | F28: =INDEX(Lookup!$F$2:$F$51,MATCH(D28,Lookup!$D$2:$D$51,0)) | G28: 44 | H28: 39 | I28: 134 | J28: 0 | K28: 37 | L28: 4 | M28: 0 | N28: Reorder Required | O28: =G28+H28 | P28: =G28+H28-I28-J28 | Q28: =MAX(0,P28) | R28: =MAX(0,-P28) | S28: =IFERROR(J28/O28,0) | T28: =IFERROR(I28/O28,0) | U28: =IF(P28<=K28,"Reorder Required","Stock Sufficient") | V28: =IF(AND(Q28=M28,(U28="Reorder Required")=(N28="Reorder Required")),"OK","Mismatch") | W28: Restock immediately
A29: INV00028 | B29: OUT001 | C29: =INDEX(Lookup!$B$2:$B$11,MATCH(B29,Lookup!$A$2:$A$11,0)) | D29: BP028 | E29: =INDEX(Lookup!$E$2:$E$51,MATCH(D29,Lookup!$D$2:$D$51,0)) | F29: =INDEX(Lookup!$F$2:$F$51,MATCH(D29,Lookup!$D$2:$D$51,0)) | G29: 41 | H29: 44 | I29: 99 | J29: 0 | K29: 17 | L29: 5 | M29: 0 | N29: Reorder Required | O29: =G29+H29 | P29: =G29+H29-I29-J29 | Q29: =MAX(0,P29) | R29: =MAX(0,-P29) | S29: =IFERROR(J29/O29,0) | T29: =IFERROR(I29/O29,0) | U29: =IF(P29<=K29,"Reorder Required","Stock Sufficient") | V29: =IF(AND(Q29=M29,(U29="Reorder Required")=(N29="Reorder Required")),"OK","Mismatch") | W29: Restock immediately
A30: INV00029 | B30: OUT001 | C30: =INDEX(Lookup!$B$2:$B$11,MATCH(B30,Lookup!$A$2:$A$11,0)) | D30: BP029 | E30: =INDEX(Lookup!$E$2:$E$51,MATCH(D30,Lookup!$D$2:$D$51,0)) | F30: =INDEX(Lookup!$F$2:$F$51,MATCH(D30,Lookup!$D$2:$D$51,0)) | G30: 114 | H30: 24 | I30: 173 | J30: 1 | K30: 15 | L30: 2 | M30: 0 | N30: Reorder Required | O30: =G30+H30 | P30: =G30+H30-I30-J30 | Q30: =MAX(0,P30) | R30: =MAX(0,-P30) | S30: =IFERROR(J30/O30,0) | T30: =IFERROR(I30/O30,0) | U30: =IF(P30<=K30,"Reorder Required","Stock Sufficient") | V30: =IF(AND(Q30=M30,(U30="Reorder Required")=(N30="Reorder Required")),"OK","Mismatch") | W30: Restock immediately
A31: INV00030 | B31: OUT001 | C31: =INDEX(Lookup!$B$2:$B$11,MATCH(B31,Lookup!$A$2:$A$11,0)) | D31: BP030 | E31: =INDEX(Lookup!$E$2:$E$51,MATCH(D31,Lookup!$D$2:$D$51,0)) | F31: =INDEX(Lookup!$F$2:$F$51,MATCH(D31,Lookup!$D$2:$D$51,0)) | G31: 53 | H31: 100 | I31: 90 | J31: 4 | K31: 16 | L31: 1 | M31: 59 | N31: Healthy | O31: =G31+H31 | P31: =G31+H31-I31-J31 | Q31: =MAX(0,P31) | R31: =MAX(0,-P31) | S31: =IFERROR(J31/O31,0) | T31: =IFERROR(I31/O31,0) | U31: =IF(P31<=K31,"Reorder Required","Stock Sufficient") | V31: =IF(AND(Q31=M31,(U31="Reorder Required")=(N31="Reorder Required")),"OK","Mismatch")
A32: INV00031 | B32: OUT001 | C32: =INDEX(Lookup!$B$2:$B$11,MATCH(B32,Lookup!$A$2:$A$11,0)) | D32: BP031 | E32: =INDEX(Lookup!$E$2:$E$51,MATCH(D32,Lookup!$D$2:$D$51,0)) | F32: =INDEX(Lookup!$F$2:$F$51,MATCH(D32,Lookup!$D$2:$D$51,0)) | G32: 120 | H32: 82 | I32: 114 | J32: 7 | K32: 30 | L32: 2 | M32: 81 | N32: Healthy | O32: =G32+H32 | P32: =G32+H32-I32-J32 | Q32: =MAX(0,P32) | R32: =MAX(0,-P32) | S32: =IFERROR(J32/O32,0) | T32: =IFERROR(I32/O32,0) | U32: =IF(P32<=K32,"Reorder Required","Stock Sufficient") | V32: =IF(AND(Q32=M32,(U32="Reorder Required")=(N32="Reorder Required")),"OK","Mismatch")
A33: INV00032 | B33: OUT001 | C33: =INDEX(Lookup!$B$2:$B$11,MATCH(B33,Lookup!$A$2:$A$11,0)) | D33: BP032 | E33: =INDEX(Lookup!$E$2:$E$51,MATCH(D33,Lookup!$D$2:$D$51,0)) | F33: =INDEX(Lookup!$F$2:$F$51,MATCH(D33,Lookup!$D$2:$D$51,0)) | G33: 40 | H33: 20 | I33: 158 | J33: 5 | K33: 38 | L33: 1 | M33: 0 | N33: Reorder Required | O33: =G33+H33 | P33: =G33+H33-I33-J33 | Q33: =MAX(0,P33) | R33: =MAX(0,-P33) | S33: =IFERROR(J33/O33,0) | T33: =IFERROR(I33/O33,0) | U33: =IF(P33<=K33,"Reorder Required","Stock Sufficient") | V33: =IF(AND(Q33=M33,(U33="Reorder Required")=(N33="Reorder Required")),"OK","Mismatch") | W33: Restock immediately
A34: INV00033 | B34: OUT001 | C34: =INDEX(Lookup!$B$2:$B$11,MATCH(B34,Lookup!$A$2:$A$11,0)) | D34: BP033 | E34: =INDEX(Lookup!$E$2:$E$51,MATCH(D34,Lookup!$D$2:$D$51,0)) | F34: =INDEX(Lookup!$F$2:$F$51,MATCH(D34,Lookup!$D$2:$D$51,0)) | G34: 98 | H34: 46 | I34: 88 | J34: 5 | K34: 40 | L34: 5 | M34: 51 | N34: Healthy | O34: =G34+H34 | P34: =G34+H34-I34-J34 | Q34: =MAX(0,P34) | R34: =MAX(0,-P34) | S34: =IFERROR(J34/O34,0) | T34: =IFERROR(I34/O34,0) | U34: =IF(P34<=K34,"Reorder Required","Stock Sufficient") | V34: =IF(AND(Q34=M34,(U34="Reorder Required")=(N34="Reorder Required")),"OK","Mismatch")
A35: INV00034 | B35: OUT001 | C35: =INDEX(Lookup!$B$2:$B$11,MATCH(B35,Lookup!$A$2:$A$11,0)) | D35: BP034 | E35: =INDEX(Lookup!$E$2:$E$51,MATCH(D35,Lookup!$D$2:$D$51,0)) | F35: =INDEX(Lookup!$F$2:$F$51,MATCH(D35,Lookup!$D$2:$D$51,0)) | G35: 90 | H35: 22 | I35: 93 | J35: 3 | K35: 32 | L35: 4 | M35: 16 | N35: Reorder Required | O35: =G35+H35 | P35: =G35+H35-I35-J35 | Q35: =MAX(0,P35) | R35: =MAX(0,-P35) | S35: =IFERROR(J35/O35,0) | T35: =IFERROR(I35/O35,0) | U35: =IF(P35<=K35,"Reorder Required","Stock Sufficient") | V35: =IF(AND(Q35=M35,(U35="Reorder Required")=(N35="Reorder Required")),"OK","Mismatch") | W35: Restock immediately
A36: INV00035 | B36: OUT001 | C36: =INDEX(Lookup!$B$2:$B$11,MATCH(B36,Lookup!$A$2:$A$11,0)) | D36: BP035 | E36: =INDEX(Lookup!$E$2:$E$51,MATCH(D36,Lookup!$D$2:$D$51,0)) | F36: =INDEX(Lookup!$F$2:$F$51,MATCH(D36,Lookup!$D$2:$D$51,0)) | G36: 132 | H36: 53 | I36: 70 | J36: 7 | K36: 29 | L36: 5 | M36: 108 | N36: Healthy | O36: =G36+H36 | P36: =G36+H36-I36-J36 | Q36: =MAX(0,P36) | R36: =MAX(0,-P36) | S36: =IFERROR(J36/O36,0) | T36: =IFERROR(I36/O36,0) | U36: =IF(P36<=K36,"Reorder Required","Stock Sufficient") | V36: =IF(AND(Q36=M36,(U36="Reorder Required")=(N36="Reorder Required")),"OK","Mismatch")
A37: INV00036 | B37: OUT001 | C37: =INDEX(Lookup!$B$2:$B$11,MATCH(B37,Lookup!$A$2:$A$11,0)) | D37: BP036 | E37: =INDEX(Lookup!$E$2:$E$51,MATCH(D37,Lookup!$D$2:$D$51,0)) | F37: =INDEX(Lookup!$F$2:$F$51,MATCH(D37,Lookup!$D$2:$D$51,0)) | G37: 113 | H37: 64 | I37: 107 | J37: 5 | K37: 30 | L37: 4 | M37: 65 | N37: Healthy | O37: =G37+H37 | P37: =G37+H37-I37-J37 | Q37: =MAX(0,P37) | R37: =MAX(0,-P37) | S37: =IFERROR(J37/O37,0) | T37: =IFERROR(I37/O37,0) | U37: =IF(P37<=K37,"Reorder Required","Stock Sufficient") | V37: =IF(AND(Q37=M37,(U37="Reorder Required")=(N37="Reorder Required")),"OK","Mismatch")
A38: INV00037 | B38: OUT001 | C38: =INDEX(Lookup!$B$2:$B$11,MATCH(B38,Lookup!$A$2:$A$11,0)) | D38: BP037 | E38: =INDEX(Lookup!$E$2:$E$51,MATCH(D38,Lookup!$D$2:$D$51,0)) | F38: =INDEX(Lookup!$F$2:$F$51,MATCH(D38,Lookup!$D$2:$D$51,0)) | G38: 105 | H38: 65 | I38: 112 | J38: 2 | K38: 28 | L38: 2 | M38: 56 | N38: Healthy | O38: =G38+H38 | P38: =G38+H38-I38-J38 | Q38: =MAX(0,P38) | R38: =MAX(0,-P38) | S38: =IFERROR(J38/O38,0) | T38: =IFERROR(I38/O38,0) | U38: =IF(P38<=K38,"Reorder Required","Stock Sufficient") | V38: =IF(AND(Q38=M38,(U38="Reorder Required")=(N38="Reorder Required")),"OK","Mismatch")
A39: INV00038 | B39: OUT001 | C39: =INDEX(Lookup!$B$2:$B$11,MATCH(B39,Lookup!$A$2:$A$11,0)) | D39: BP038 | E39: =INDEX(Lookup!$E$2:$E$51,MATCH(D39,Lookup!$D$2:$D$51,0)) | F39: =INDEX(Lookup!$F$2:$F$51,MATCH(D39,Lookup!$D$2:$D$51,0)) | G39: 97 | H39: 43 | I39: 139 | J39: 4 | K39: 39 | L39: 4 | M39: 0 | N39: Reorder Required | O39: =G39+H39 | P39: =G39+H39-I39-J39 | Q39: =MAX(0,P39) | R39: =MAX(0,-P39) | S39: =IFERROR(J39/O39,0) | T39: =IFERROR(I39/O39,0) | U39: =IF(P39<=K39,"Reorder Required","Stock Sufficient") | V39: =IF(AND(Q39=M39,(U39="Reorder Required")=(N39="Reorder Required")),"OK","Mismatch") | W39: Restock immediately
A40: INV00039 | B40: OUT001 | C40: =INDEX(Lookup!$B$2:$B$11,MATCH(B40,Lookup!$A$2:$A$11,0)) | D40: BP039 | E40: =INDEX(Lookup!$E$2:$E$51,MATCH(D40,Lookup!$D$2:$D$51,0)) | F40: =INDEX(Lookup!$F$2:$F$51,MATCH(D40,Lookup!$D$2:$D$51,0)) | G40: 143 | H40: 60 | I40: 80 | J40: 7 | K40: 38 | L40: 4 | M40: 116 | N40: Healthy | O40: =G40+H40 | P40: =G40+H40-I40-J40 | Q40: =MAX(0,P40) | R40: =MAX(0,-P40) | S40: =IFERROR(J40/O40,0) | T40: =IFERROR(I40/O40,0) | U40: =IF(P40<=K40,"Reorder Required","Stock Sufficient") | V40: =IF(AND(Q40=M40,(U40="Reorder Required")=(N40="Reorder Required")),"OK","Mismatch")
A41: INV00040 | B41: OUT001 | C41: =INDEX(Lookup!$B$2:$B$11,MATCH(B41,Lookup!$A$2:$A$11,0)) | D41: BP040 | E41: =INDEX(Lookup!$E$2:$E$51,MATCH(D41,Lookup!$D$2:$D$51,0)) | F41: =INDEX(Lookup!$F$2:$F$51,MATCH(D41,Lookup!$D$2:$D$51,0)) | G41: 115 | H41: 79 | I41: 80 | J41: 8 | K41: 30 | L41: 2 | M41: 106 | N41: Healthy | O41: =G41+H41 | P41: =G41+H41-I41-J41 | Q41: =MAX(0,P41) | R41: =MAX(0,-P41) | S41: =IFERROR(J41/O41,0) | T41: =IFERROR(I41/O41,0) | U41: =IF(P41<=K41,"Reorder Required","Stock Sufficient") | V41: =IF(AND(Q41=M41,(U41="Reorder Required")=(N41="Reorder Required")),"OK","Mismatch")
A42: INV00041 | B42: OUT001 | C42: =INDEX(Lookup!$B$2:$B$11,MATCH(B42,Lookup!$A$2:$A$11,0)) | D42: BP041 | E42: =INDEX(Lookup!$E$2:$E$51,MATCH(D42,Lookup!$D$2:$D$51,0)) | F42: =INDEX(Lookup!$F$2:$F$51,MATCH(D42,Lookup!$D$2:$D$51,0)) | G42: 115 | H42: 99 | I42: 95 | J42: 0 | K42: 30 | L42: 5 | M42: 119 | N42: Healthy | O42: =G42+H42 | P42: =G42+H42-I42-J42 | Q42: =MAX(0,P42) | R42: =MAX(0,-P42) | S42: =IFERROR(J42/O42,0) | T42: =IFERROR(I42/O42,0) | U42: =IF(P42<=K42,"Reorder Required","Stock Sufficient") | V42: =IF(AND(Q42=M42,(U42="Reorder Required")=(N42="Reorder Required")),"OK","Mismatch")
A43: INV00042 | B43: OUT001 | C43: =INDEX(Lookup!$B$2:$B$11,MATCH(B43,Lookup!$A$2:$A$11,0)) | D43: BP042 | E43: =INDEX(Lookup!$E$2:$E$51,MATCH(D43,Lookup!$D$2:$D$51,0)) | F43: =INDEX(Lookup!$F$2:$F$51,MATCH(D43,Lookup!$D$2:$D$51,0)) | G43: 51 | H43: 48 | I43: 111 | J43: 2 | K43: 15 | L43: 2 | M43: 0 | N43: Reorder Required | O43: =G43+H43 | P43: =G43+H43-I43-J43 | Q43: =MAX(0,P43) | R43: =MAX(0,-P43) | S43: =IFERROR(J43/O43,0) | T43: =IFERROR(I43/O43,0) | U43: =IF(P43<=K43,"Reorder Required","Stock Sufficient") | V43: =IF(AND(Q43=M43,(U43="Reorder Required")=(N43="Reorder Required")),"OK","Mismatch") | W43: Restock immediately
A44: INV00043 | B44: OUT001 | C44: =INDEX(Lookup!$B$2:$B$11,MATCH(B44,Lookup!$A$2:$A$11,0)) | D44: BP043 | E44: =INDEX(Lookup!$E$2:$E$51,MATCH(D44,Lookup!$D$2:$D$51,0)) | F44: =INDEX(Lookup!$F$2:$F$51,MATCH(D44,Lookup!$D$2:$D$51,0)) | G44: 101 | H44: 45 | I44: 96 | J44: 1 | K44: 38 | L44: 2 | M44: 49 | N44: Healthy | O44: =G44+H44 | P44: =G44+H44-I44-J44 | Q44: =MAX(0,P44) | R44: =MAX(0,-P44) | S44: =IFERROR(J44/O44,0) | T44: =IFERROR(I44/O44,0) | U44: =IF(P44<=K44,"Reorder Required","Stock Sufficient") | V44: =IF(AND(Q44=M44,(U44="Reorder Required")=(N44="Reorder Required")),"OK","Mismatch")
A45: INV00044 | B45: OUT001 | C45: =INDEX(Lookup!$B$2:$B$11,MATCH(B45,Lookup!$A$2:$A$11,0)) | D45: BP044 | E45: =INDEX(Lookup!$E$2:$E$51,MATCH(D45,Lookup!$D$2:$D$51,0)) | F45: =INDEX(Lookup!$F$2:$F$51,MATCH(D45,Lookup!$D$2:$D$51,0)) | G45: 41 | H45: 50 | I45: 139 | J45: 3 | K45: 19 | L45: 5 | M45: 0 | N45: Reorder Required | O45: =G45+H45 | P45: =G45+H45-I45-J45 | Q45: =MAX(0,P45) | R45: =MAX(0,-P45) | S45: =IFERROR(J45/O45,0) | T45: =IFERROR(I45/O45,0) | U45: =IF(P45<=K45,"Reorder Required","Stock Sufficient") | V45: =IF(AND(Q45=M45,(U45="Reorder Required")=(N45="Reorder Required")),"OK","Mismatch") | W45: Restock immediately
A46: INV00045 | B46: OUT001 | C46: =INDEX(Lookup!$B$2:$B$11,MATCH(B46,Lookup!$A$2:$A$11,0)) | D46: BP045 | E46: =INDEX(Lookup!$E$2:$E$51,MATCH(D46,Lookup!$D$2:$D$51,0)) | F46: =INDEX(Lookup!$F$2:$F$51,MATCH(D46,Lookup!$D$2:$D$51,0)) | G46: 79 | H46: 51 | I46: 79 | J46: 0 | K46: 35 | L46: 5 | M46: 51 | N46: Healthy | O46: =G46+H46 | P46: =G46+H46-I46-J46 | Q46: =MAX(0,P46) | R46: =MAX(0,-P46) | S46: =IFERROR(J46/O46,0) | T46: =IFERROR(I46/O46,0) | U46: =IF(P46<=K46,"Reorder Required","Stock Sufficient") | V46: =IF(AND(Q46=M46,(U46="Reorder Required")=(N46="Reorder Required")),"OK","Mismatch")
A47: INV00046 | B47: OUT001 | C47: =INDEX(Lookup!$B$2:$B$11,MATCH(B47,Lookup!$A$2:$A$11,0)) | D47: BP046 | E47: =INDEX(Lookup!$E$2:$E$51,MATCH(D47,Lookup!$D$2:$D$51,0)) | F47: =INDEX(Lookup!$F$2:$F$51,MATCH(D47,Lookup!$D$2:$D$51,0)) | G47: 109 | H47: 42 | I47: 111 | J47: 2 | K47: 35 | L47: 1 | M47: 38 | N47: Healthy | O47: =G47+H47 | P47: =G47+H47-I47-J47 | Q47: =MAX(0,P47) | R47: =MAX(0,-P47) | S47: =IFERROR(J47/O47,0) | T47: =IFERROR(I47/O47,0) | U47: =IF(P47<=K47,"Reorder Required","Stock Sufficient") | V47: =IF(AND(Q47=M47,(U47="Reorder Required")=(N47="Reorder Required")),"OK","Mismatch")
A48: INV00047 | B48: OUT001 | C48: =INDEX(Lookup!$B$2:$B$11,MATCH(B48,Lookup!$A$2:$A$11,0)) | D48: BP047 | E48: =INDEX(Lookup!$E$2:$E$51,MATCH(D48,Lookup!$D$2:$D$51,0)) | F48: =INDEX(Lookup!$F$2:$F$51,MATCH(D48,Lookup!$D$2:$D$51,0)) | G48: 147 | H48: 72 | I48: 86 | J48: 2 | K48: 40 | L48: 5 | M48: 131 | N48: Healthy | O48: =G48+H48 | P48: =G48+H48-I48-J48 | Q48: =MAX(0,P48) | R48: =MAX(0,-P48) | S48: =IFERROR(J48/O48,0) | T48: =IFERROR(I48/O48,0) | U48: =IF(P48<=K48,"Reorder Required","Stock Sufficient") | V48: =IF(AND(Q48=M48,(U48="Reorder Required")=(N48="Reorder Required")),"OK","Mismatch")
A49: INV00048 | B49: OUT001 | C49: =INDEX(Lookup!$B$2:$B$11,MATCH(B49,Lookup!$A$2:$A$11,0)) | D49: BP048 | E49: =INDEX(Lookup!$E$2:$E$51,MATCH(D49,Lookup!$D$2:$D$51,0)) | F49: =INDEX(Lookup!$F$2:$F$51,MATCH(D49,Lookup!$D$2:$D$51,0)) | G49: 66 | H49: 88 | I49: 75 | J49: 2 | K49: 30 | L49: 5 | M49: 77 | N49: Healthy | O49: =G49+H49 | P49: =G49+H49-I49-J49 | Q49: =MAX(0,P49) | R49: =MAX(0,-P49) | S49: =IFERROR(J49/O49,0) | T49: =IFERROR(I49/O49,0) | U49: =IF(P49<=K49,"Reorder Required","Stock Sufficient") | V49: =IF(AND(Q49=M49,(U49="Reorder Required")=(N49="Reorder Required")),"OK","Mismatch")
A50: INV00049 | B50: OUT001 | C50: =INDEX(Lookup!$B$2:$B$11,MATCH(B50,Lookup!$A$2:$A$11,0)) | D50: BP049 | E50: =INDEX(Lookup!$E$2:$E$51,MATCH(D50,Lookup!$D$2:$D$51,0)) | F50: =INDEX(Lookup!$F$2:$F$51,MATCH(D50,Lookup!$D$2:$D$51,0)) | G50: 94 | H50: 41 | I50: 143 | J50: 2 | K50: 33 | L50: 3 | M50: 0 | N50: Reorder Required | O50: =G50+H50 | P50: =G50+H50-I50-J50 | Q50: =MAX(0,P50) | R50: =MAX(0,-P50) | S50: =IFERROR(J50/O50,0) | T50: =IFERROR(I50/O50,0) | U50: =IF(P50<=K50,"Reorder Required","Stock Sufficient") | V50: =IF(AND(Q50=M50,(U50="Reorder Required")=(N50="Reorder Required")),"OK","Mismatch") | W50: Restock immediately
A51: INV00050 | B51: OUT001 | C51: =INDEX(Lookup!$B$2:$B$11,MATCH(B51,Lookup!$A$2:$A$11,0)) | D51: BP050 | E51: =INDEX(Lookup!$E$2:$E$51,MATCH(D51,Lookup!$D$2:$D$51,0)) | F51: =INDEX(Lookup!$F$2:$F$51,MATCH(D51,Lookup!$D$2:$D$51,0)) | G51: 89 | H51: 73 | I51: 130 | J51: 2 | K51: 17 | L51: 2 | M51: 30 | N51: Healthy | O51: =G51+H51 | P51: =G51+H51-I51-J51 | Q51: =MAX(0,P51) | R51: =MAX(0,-P51) | S51: =IFERROR(J51/O51,0) | T51: =IFERROR(I51/O51,0) | U51: =IF(P51<=K51,"Reorder Required","Stock Sufficient") | V51: =IF(AND(Q51=M51,(U51="Reorder Required")=(N51="Reorder Required")),"OK","Mismatch")
A52: INV00051 | B52: OUT002 | C52: =INDEX(Lookup!$B$2:$B$11,MATCH(B52,Lookup!$A$2:$A$11,0)) | D52: BP001 | E52: =INDEX(Lookup!$E$2:$E$51,MATCH(D52,Lookup!$D$2:$D$51,0)) | F52: =INDEX(Lookup!$F$2:$F$51,MATCH(D52,Lookup!$D$2:$D$51,0)) | G52: 140 | H52: 90 | I52: 124 | J52: 2 | K52: 35 | L52: 3 | M52: 104 | N52: Healthy | O52: =G52+H52 | P52: =G52+H52-I52-J52 | Q52: =MAX(0,P52) | R52: =MAX(0,-P52) | S52: =IFERROR(J52/O52,0) | T52: =IFERROR(I52/O52,0) | U52: =IF(P52<=K52,"Reorder Required","Stock Sufficient") | V52: =IF(AND(Q52=M52,(U52="Reorder Required")=(N52="Reorder Required")),"OK","Mismatch")
A53: INV00052 | B53: OUT002 | C53: =INDEX(Lookup!$B$2:$B$11,MATCH(B53,Lookup!$A$2:$A$11,0)) | D53: BP002 | E53: =INDEX(Lookup!$E$2:$E$51,MATCH(D53,Lookup!$D$2:$D$51,0)) | F53: =INDEX(Lookup!$F$2:$F$51,MATCH(D53,Lookup!$D$2:$D$51,0)) | G53: 100 | H53: 49 | I53: 60 | J53: 3 | K53: 20 | L53: 4 | M53: 86 | N53: Healthy | O53: =G53+H53 | P53: =G53+H53-I53-J53 | Q53: =MAX(0,P53) | R53: =MAX(0,-P53) | S53: =IFERROR(J53/O53,0) | T53: =IFERROR(I53/O53,0) | U53: =IF(P53<=K53,"Reorder Required","Stock Sufficient") | V53: =IF(AND(Q53=M53,(U53="Reorder Required")=(N53="Reorder Required")),"OK","Mismatch")
A54: INV00053 | B54: OUT002 | C54: =INDEX(Lookup!$B$2:$B$11,MATCH(B54,Lookup!$A$2:$A$11,0)) | D54: BP003 | E54: =INDEX(Lookup!$E$2:$E$51,MATCH(D54,Lookup!$D$2:$D$51,0)) | F54: =INDEX(Lookup!$F$2:$F$51,MATCH(D54,Lookup!$D$2:$D$51,0)) | G54: 145 | H54: 33 | I54: 64 | J54: 0 | K54: 37 | L54: 5 | M54: 114 | N54: Healthy | O54: =G54+H54 | P54: =G54+H54-I54-J54 | Q54: =MAX(0,P54) | R54: =MAX(0,-P54) | S54: =IFERROR(J54/O54,0) | T54: =IFERROR(I54/O54,0) | U54: =IF(P54<=K54,"Reorder Required","Stock Sufficient") | V54: =IF(AND(Q54=M54,(U54="Reorder Required")=(N54="Reorder Required")),"OK","Mismatch")
A55: INV00054 | B55: OUT002 | C55: =INDEX(Lookup!$B$2:$B$11,MATCH(B55,Lookup!$A$2:$A$11,0)) | D55: BP004 | E55: =INDEX(Lookup!$E$2:$E$51,MATCH(D55,Lookup!$D$2:$D$51,0)) | F55: =INDEX(Lookup!$F$2:$F$51,MATCH(D55,Lookup!$D$2:$D$51,0)) | G55: 132 | H55: 67 | I55: 110 | J55: 2 | K55: 31 | L55: 1 | M55: 87 | N55: Healthy | O55: =G55+H55 | P55: =G55+H55-I55-J55 | Q55: =MAX(0,P55) | R55: =MAX(0,-P55) | S55: =IFERROR(J55/O55,0) | T55: =IFERROR(I55/O55,0) | U55: =IF(P55<=K55,"Reorder Required","Stock Sufficient") | V55: =IF(AND(Q55=M55,(U55="Reorder Required")=(N55="Reorder Required")),"OK","Mismatch")
A56: INV00055 | B56: OUT002 | C56: =INDEX(Lookup!$B$2:$B$11,MATCH(B56,Lookup!$A$2:$A$11,0)) | D56: BP005 | E56: =INDEX(Lookup!$E$2:$E$51,MATCH(D56,Lookup!$D$2:$D$51,0)) | F56: =INDEX(Lookup!$F$2:$F$51,MATCH(D56,Lookup!$D$2:$D$51,0)) | G56: 102 | H56: 93 | I56: 86 | J56: 1 | K56: 38 | L56: 3 | M56: 108 | N56: Healthy | O56: =G56+H56 | P56: =G56+H56-I56-J56 | Q56: =MAX(0,P56) | R56: =MAX(0,-P56) | S56: =IFERROR(J56/O56,0) | T56: =IFERROR(I56/O56,0) | U56: =IF(P56<=K56,"Reorder Required","Stock Sufficient") | V56: =IF(AND(Q56=M56,(U56="Reorder Required")=(N56="Reorder Required")),"OK","Mismatch")
A57: INV00056 | B57: OUT002 | C57: =INDEX(Lookup!$B$2:$B$11,MATCH(B57,Lookup!$A$2:$A$11,0)) | D57: BP006 | E57: =INDEX(Lookup!$E$2:$E$51,MATCH(D57,Lookup!$D$2:$D$51,0)) | F57: =INDEX(Lookup!$F$2:$F$51,MATCH(D57,Lookup!$D$2:$D$51,0)) | G57: 70 | H57: 56 | I57: 72 | J57: 0 | K57: 39 | L57: 2 | M57: 54 | N57: Healthy | O57: =G57+H57 | P57: =G57+H57-I57-J57 | Q57: =MAX(0,P57) | R57: =MAX(0,-P57) | S57: =IFERROR(J57/O57,0) | T57: =IFERROR(I57/O57,0) | U57: =IF(P57<=K57,"Reorder Required","Stock Sufficient") | V57: =IF(AND(Q57=M57,(U57="Reorder Required")=(N57="Reorder Required")),"OK","Mismatch")
A58: INV00057 | B58: OUT002 | C58: =INDEX(Lookup!$B$2:$B$11,MATCH(B58,Lookup!$A$2:$A$11,0)) | D58: BP007 | E58: =INDEX(Lookup!$E$2:$E$51,MATCH(D58,Lookup!$D$2:$D$51,0)) | F58: =INDEX(Lookup!$F$2:$F$51,MATCH(D58,Lookup!$D$2:$D$51,0)) | G58: 103 | H58: 68 | I58: 70 | J58: 0 | K58: 18 | L58: 1 | M58: 101 | N58: Healthy | O58: =G58+H58 | P58: =G58+H58-I58-J58 | Q58: =MAX(0,P58) | R58: =MAX(0,-P58) | S58: =IFERROR(J58/O58,0) | T58: =IFERROR(I58/O58,0) | U58: =IF(P58<=K58,"Reorder Required","Stock Sufficient") | V58: =IF(AND(Q58=M58,(U58="Reorder Required")=(N58="Reorder Required")),"OK","Mismatch")
A59: INV00058 | B59: OUT002 | C59: =INDEX(Lookup!$B$2:$B$11,MATCH(B59,Lookup!$A$2:$A$11,0)) | D59: BP008 | E59: =INDEX(Lookup!$E$2:$E$51,MATCH(D59,Lookup!$D$2:$D$51,0)) | F59: =INDEX(Lookup!$F$2:$F$51,MATCH(D59,Lookup!$D$2:$D$51,0)) | G59: 128 | H59: 61 | I59: 90 | J59: 0 | K59: 18 | L59: 4 | M59: 99 | N59: Healthy | O59: =G59+H59 | P59: =G59+H59-I59-J59 | Q59: =MAX(0,P59) | R59: =MAX(0,-P59) | S59: =IFERROR(J59/O59,0) | T59: =IFERROR(I59/O59,0) | U59: =IF(P59<=K59,"Reorder Required","Stock Sufficient") | V59: =IF(AND(Q59=M59,(U59="Reorder Required")=(N59="Reorder Required")),"OK","Mismatch")
A60: INV00059 | B60: OUT002 | C60: =INDEX(Lookup!$B$2:$B$11,MATCH(B60,Lookup!$A$2:$A$11,0)) | D60: BP009 | E60: =INDEX(Lookup!$E$2:$E$51,MATCH(D60,Lookup!$D$2:$D$51,0)) | F60: =INDEX(Lookup!$F$2:$F$51,MATCH(D60,Lookup!$D$2:$D$51,0)) | G60: 89 | H60: 88 | I60: 125 | J60: 0 | K60: 27 | L60: 3 | M60: 52 | N60: Healthy | O60: =G60+H60 | P60: =G60+H60-I60-J60 | Q60: =MAX(0,P60) | R60: =MAX(0,-P60) | S60: =IFERROR(J60/O60,0) | T60: =IFERROR(I60/O60,0) | U60: =IF(P60<=K60,"Reorder Required","Stock Sufficient") | V60: =IF(AND(Q60=M60,(U60="Reorder Required")=(N60="Reorder Required")),"OK","Mismatch")
A61: INV00060 | B61: OUT002 | C61: =INDEX(Lookup!$B$2:$B$11,MATCH(B61,Lookup!$A$2:$A$11,0)) | D61: BP010 | E61: =INDEX(Lookup!$E$2:$E$51,MATCH(D61,Lookup!$D$2:$D$51,0)) | F61: =INDEX(Lookup!$F$2:$F$51,MATCH(D61,Lookup!$D$2:$D$51,0)) | G61: 63 | H61: 90 | I61: 102 | J61: 3 | K61: 19 | L61: 5 | M61: 48 | N61: Healthy | O61: =G61+H61 | P61: =G61+H61-I61-J61 | Q61: =MAX(0,P61) | R61: =MAX(0,-P61) | S61: =IFERROR(J61/O61,0) | T61: =IFERROR(I61/O61,0) | U61: =IF(P61<=K61,"Reorder Required","Stock Sufficient") | V61: =IF(AND(Q61=M61,(U61="Reorder Required")=(N61="Reorder Required")),"OK","Mismatch")
A62: INV00061 | B62: OUT002 | C62: =INDEX(Lookup!$B$2:$B$11,MATCH(B62,Lookup!$A$2:$A$11,0)) | D62: BP011 | E62: =INDEX(Lookup!$E$2:$E$51,MATCH(D62,Lookup!$D$2:$D$51,0)) | F62: =INDEX(Lookup!$F$2:$F$51,MATCH(D62,Lookup!$D$2:$D$51,0)) | G62: 86 | H62: 47 | I62: 127 | J62: 0 | K62: 24 | L62: 1 | M62: 6 | N62: Reorder Required | O62: =G62+H62 | P62: =G62+H62-I62-J62 | Q62: =MAX(0,P62) | R62: =MAX(0,-P62) | S62: =IFERROR(J62/O62,0) | T62: =IFERROR(I62/O62,0) | U62: =IF(P62<=K62,"Reorder Required","Stock Sufficient") | V62: =IF(AND(Q62=M62,(U62="Reorder Required")=(N62="Reorder Required")),"OK","Mismatch") | W62: Restock immediately
A63: INV00062 | B63: OUT002 | C63: =INDEX(Lookup!$B$2:$B$11,MATCH(B63,Lookup!$A$2:$A$11,0)) | D63: BP012 | E63: =INDEX(Lookup!$E$2:$E$51,MATCH(D63,Lookup!$D$2:$D$51,0)) | F63: =INDEX(Lookup!$F$2:$F$51,MATCH(D63,Lookup!$D$2:$D$51,0)) | G63: 123 | H63: 55 | I63: 85 | J63: 3 | K63: 22 | L63: 4 | M63: 90 | N63: Healthy | O63: =G63+H63 | P63: =G63+H63-I63-J63 | Q63: =MAX(0,P63) | R63: =MAX(0,-P63) | S63: =IFERROR(J63/O63,0) | T63: =IFERROR(I63/O63,0) | U63: =IF(P63<=K63,"Reorder Required","Stock Sufficient") | V63: =IF(AND(Q63=M63,(U63="Reorder Required")=(N63="Reorder Required")),"OK","Mismatch")
A64: INV00063 | B64: OUT002 | C64: =INDEX(Lookup!$B$2:$B$11,MATCH(B64,Lookup!$A$2:$A$11,0)) | D64: BP013 | E64: =INDEX(Lookup!$E$2:$E$51,MATCH(D64,Lookup!$D$2:$D$51,0)) | F64: =INDEX(Lookup!$F$2:$F$51,MATCH(D64,Lookup!$D$2:$D$51,0)) | G64: 51 | H64: 59 | I64: 76 | J64: 1 | K64: 15 | L64: 5 | M64: 33 | N64: Healthy | O64: =G64+H64 | P64: =G64+H64-I64-J64 | Q64: =MAX(0,P64) | R64: =MAX(0,-P64) | S64: =IFERROR(J64/O64,0) | T64: =IFERROR(I64/O64,0) | U64: =IF(P64<=K64,"Reorder Required","Stock Sufficient") | V64: =IF(AND(Q64=M64,(U64="Reorder Required")=(N64="Reorder Required")),"OK","Mismatch")
A65: INV00064 | B65: OUT002 | C65: =INDEX(Lookup!$B$2:$B$11,MATCH(B65,Lookup!$A$2:$A$11,0)) | D65: BP014 | E65: =INDEX(Lookup!$E$2:$E$51,MATCH(D65,Lookup!$D$2:$D$51,0)) | F65: =INDEX(Lookup!$F$2:$F$51,MATCH(D65,Lookup!$D$2:$D$51,0)) | G65: 44 | H65: 89 | I65: 116 | J65: 3 | K65: 17 | L65: 3 | M65: 14 | N65: Reorder Required | O65: =G65+H65 | P65: =G65+H65-I65-J65 | Q65: =MAX(0,P65) | R65: =MAX(0,-P65) | S65: =IFERROR(J65/O65,0) | T65: =IFERROR(I65/O65,0) | U65: =IF(P65<=K65,"Reorder Required","Stock Sufficient") | V65: =IF(AND(Q65=M65,(U65="Reorder Required")=(N65="Reorder Required")),"OK","Mismatch") | W65: Restock immediately
A66: INV00065 | B66: OUT002 | C66: =INDEX(Lookup!$B$2:$B$11,MATCH(B66,Lookup!$A$2:$A$11,0)) | D66: BP015 | E66: =INDEX(Lookup!$E$2:$E$51,MATCH(D66,Lookup!$D$2:$D$51,0)) | F66: =INDEX(Lookup!$F$2:$F$51,MATCH(D66,Lookup!$D$2:$D$51,0)) | G66: 87 | H66: 98 | I66: 46 | J66: 0 | K66: 39 | L66: 1 | M66: 139 | N66: Healthy | O66: =G66+H66 | P66: =G66+H66-I66-J66 | Q66: =MAX(0,P66) | R66: =MAX(0,-P66) | S66: =IFERROR(J66/O66,0) | T66: =IFERROR(I66/O66,0) | U66: =IF(P66<=K66,"Reorder Required","Stock Sufficient") | V66: =IF(AND(Q66=M66,(U66="Reorder Required")=(N66="Reorder Required")),"OK","Mismatch")
A67: INV00066 | B67: OUT002 | C67: =INDEX(Lookup!$B$2:$B$11,MATCH(B67,Lookup!$A$2:$A$11,0)) | D67: BP016 | E67: =INDEX(Lookup!$E$2:$E$51,MATCH(D67,Lookup!$D$2:$D$51,0)) | F67: =INDEX(Lookup!$F$2:$F$51,MATCH(D67,Lookup!$D$2:$D$51,0)) | G67: 88 | H67: 29 | I67: 122 | J67: 3 | K67: 30 | L67: 3 | M67: 0 | N67: Reorder Required | O67: =G67+H67 | P67: =G67+H67-I67-J67 | Q67: =MAX(0,P67) | R67: =MAX(0,-P67) | S67: =IFERROR(J67/O67,0) | T67: =IFERROR(I67/O67,0) | U67: =IF(P67<=K67,"Reorder Required","Stock Sufficient") | V67: =IF(AND(Q67=M67,(U67="Reorder Required")=(N67="Reorder Required")),"OK","Mismatch") | W67: Restock immediately
A68: INV00067 | B68: OUT002 | C68: =INDEX(Lookup!$B$2:$B$11,MATCH(B68,Lookup!$A$2:$A$11,0)) | D68: BP017 | E68: =INDEX(Lookup!$E$2:$E$51,MATCH(D68,Lookup!$D$2:$D$51,0)) | F68: =INDEX(Lookup!$F$2:$F$51,MATCH(D68,Lookup!$D$2:$D$51,0)) | G68: 144 | H68: 84 | I68: 52 | J68: 3 | K68: 19 | L68: 2 | M68: 173 | N68: Healthy | O68: =G68+H68 | P68: =G68+H68-I68-J68 | Q68: =MAX(0,P68) | R68: =MAX(0,-P68) | S68: =IFERROR(J68/O68,0) | T68: =IFERROR(I68/O68,0) | U68: =IF(P68<=K68,"Reorder Required","Stock Sufficient") | V68: =IF(AND(Q68=M68,(U68="Reorder Required")=(N68="Reorder Required")),"OK","Mismatch")
A69: INV00068 | B69: OUT002 | C69: =INDEX(Lookup!$B$2:$B$11,MATCH(B69,Lookup!$A$2:$A$11,0)) | D69: BP018 | E69: =INDEX(Lookup!$E$2:$E$51,MATCH(D69,Lookup!$D$2:$D$51,0)) | F69: =INDEX(Lookup!$F$2:$F$51,MATCH(D69,Lookup!$D$2:$D$51,0)) | G69: 90 | H69: 100 | I69: 77 | J69: 2 | K69: 27 | L69: 3 | M69: 111 | N69: Healthy | O69: =G69+H69 | P69: =G69+H69-I69-J69 | Q69: =MAX(0,P69) | R69: =MAX(0,-P69) | S69: =IFERROR(J69/O69,0) | T69: =IFERROR(I69/O69,0) | U69: =IF(P69<=K69,"Reorder Required","Stock Sufficient") | V69: =IF(AND(Q69=M69,(U69="Reorder Required")=(N69="Reorder Required")),"OK","Mismatch")
A70: INV00069 | B70: OUT002 | C70: =INDEX(Lookup!$B$2:$B$11,MATCH(B70,Lookup!$A$2:$A$11,0)) | D70: BP019 | E70: =INDEX(Lookup!$E$2:$E$51,MATCH(D70,Lookup!$D$2:$D$51,0)) | F70: =INDEX(Lookup!$F$2:$F$51,MATCH(D70,Lookup!$D$2:$D$51,0)) | G70: 53 | H70: 80 | I70: 101 | J70: 0 | K70: 36 | L70: 2 | M70: 32 | N70: Reorder Required | O70: =G70+H70 | P70: =G70+H70-I70-J70 | Q70: =MAX(0,P70) | R70: =MAX(0,-P70) | S70: =IFERROR(J70/O70,0) | T70: =IFERROR(I70/O70,0) | U70: =IF(P70<=K70,"Reorder Required","Stock Sufficient") | V70: =IF(AND(Q70=M70,(U70="Reorder Required")=(N70="Reorder Required")),"OK","Mismatch") | W70: Restock immediately
A71: INV00070 | B71: OUT002 | C71: =INDEX(Lookup!$B$2:$B$11,MATCH(B71,Lookup!$A$2:$A$11,0)) | D71: BP020 | E71: =INDEX(Lookup!$E$2:$E$51,MATCH(D71,Lookup!$D$2:$D$51,0)) | F71: =INDEX(Lookup!$F$2:$F$51,MATCH(D71,Lookup!$D$2:$D$51,0)) | G71: 79 | H71: 33 | I71: 129 | J71: 1 | K71: 24 | L71: 4 | M71: 0 | N71: Reorder Required | O71: =G71+H71 | P71: =G71+H71-I71-J71 | Q71: =MAX(0,P71) | R71: =MAX(0,-P71) | S71: =IFERROR(J71/O71,0) | T71: =IFERROR(I71/O71,0) | U71: =IF(P71<=K71,"Reorder Required","Stock Sufficient") | V71: =IF(AND(Q71=M71,(U71="Reorder Required")=(N71="Reorder Required")),"OK","Mismatch") | W71: Restock immediately
A72: INV00071 | B72: OUT002 | C72: =INDEX(Lookup!$B$2:$B$11,MATCH(B72,Lookup!$A$2:$A$11,0)) | D72: BP021 | E72: =INDEX(Lookup!$E$2:$E$51,MATCH(D72,Lookup!$D$2:$D$51,0)) | F72: =INDEX(Lookup!$F$2:$F$51,MATCH(D72,Lookup!$D$2:$D$51,0)) | G72: 91 | H72: 92 | I72: 86 | J72: 2 | K72: 20 | L72: 4 | M72: 95 | N72: Healthy | O72: =G72+H72 | P72: =G72+H72-I72-J72 | Q72: =MAX(0,P72) | R72: =MAX(0,-P72) | S72: =IFERROR(J72/O72,0) | T72: =IFERROR(I72/O72,0) | U72: =IF(P72<=K72,"Reorder Required","Stock Sufficient") | V72: =IF(AND(Q72=M72,(U72="Reorder Required")=(N72="Reorder Required")),"OK","Mismatch")
A73: INV00072 | B73: OUT002 | C73: =INDEX(Lookup!$B$2:$B$11,MATCH(B73,Lookup!$A$2:$A$11,0)) | D73: BP022 | E73: =INDEX(Lookup!$E$2:$E$51,MATCH(D73,Lookup!$D$2:$D$51,0)) | F73: =INDEX(Lookup!$F$2:$F$51,MATCH(D73,Lookup!$D$2:$D$51,0)) | G73: 149 | H73: 45 | I73: 66 | J73: 3 | K73: 21 | L73: 4 | M73: 125 | N73: Healthy | O73: =G73+H73 | P73: =G73+H73-I73-J73 | Q73: =MAX(0,P73) | R73: =MAX(0,-P73) | S73: =IFERROR(J73/O73,0) | T73: =IFERROR(I73/O73,0) | U73: =IF(P73<=K73,"Reorder Required","Stock Sufficient") | V73: =IF(AND(Q73=M73,(U73="Reorder Required")=(N73="Reorder Required")),"OK","Mismatch")
A74: INV00073 | B74: OUT002 | C74: =INDEX(Lookup!$B$2:$B$11,MATCH(B74,Lookup!$A$2:$A$11,0)) | D74: BP023 | E74: =INDEX(Lookup!$E$2:$E$51,MATCH(D74,Lookup!$D$2:$D$51,0)) | F74: =INDEX(Lookup!$F$2:$F$51,MATCH(D74,Lookup!$D$2:$D$51,0)) | G74: 55 | H74: 76 | I74: 61 | J74: 0 | K74: 28 | L74: 4 | M74: 70 | N74: Healthy | O74: =G74+H74 | P74: =G74+H74-I74-J74 | Q74: =MAX(0,P74) | R74: =MAX(0,-P74) | S74: =IFERROR(J74/O74,0) | T74: =IFERROR(I74/O74,0) | U74: =IF(P74<=K74,"Reorder Required","Stock Sufficient") | V74: =IF(AND(Q74=M74,(U74="Reorder Required")=(N74="Reorder Required")),"OK","Mismatch")
A75: INV00074 | B75: OUT002 | C75: =INDEX(Lookup!$B$2:$B$11,MATCH(B75,Lookup!$A$2:$A$11,0)) | D75: BP024 | E75: =INDEX(Lookup!$E$2:$E$51,MATCH(D75,Lookup!$D$2:$D$51,0)) | F75: =INDEX(Lookup!$F$2:$F$51,MATCH(D75,Lookup!$D$2:$D$51,0)) | G75: 49 | H75: 21 | I75: 74 | J75: 3 | K75: 34 | L75: 4 | M75: 0 | N75: Reorder Required | O75: =G75+H75 | P75: =G75+H75-I75-J75 | Q75: =MAX(0,P75) | R75: =MAX(0,-P75) | S75: =IFERROR(J75/O75,0) | T75: =IFERROR(I75/O75,0) | U75: =IF(P75<=K75,"Reorder Required","Stock Sufficient") | V75: =IF(AND(Q75=M75,(U75="Reorder Required")=(N75="Reorder Required")),"OK","Mismatch") | W75: Restock immediately
A76: INV00075 | B76: OUT002 | C76: =INDEX(Lookup!$B$2:$B$11,MATCH(B76,Lookup!$A$2:$A$11,0)) | D76: BP025 | E76: =INDEX(Lookup!$E$2:$E$51,MATCH(D76,Lookup!$D$2:$D$51,0)) | F76: =INDEX(Lookup!$F$2:$F$51,MATCH(D76,Lookup!$D$2:$D$51,0)) | G76: 101 | H76: 32 | I76: 84 | J76: 3 | K76: 15 | L76: 5 | M76: 46 | N76: Healthy | O76: =G76+H76 | P76: =G76+H76-I76-J76 | Q76: =MAX(0,P76) | R76: =MAX(0,-P76) | S76: =IFERROR(J76/O76,0) | T76: =IFERROR(I76/O76,0) | U76: =IF(P76<=K76,"Reorder Required","Stock Sufficient") | V76: =IF(AND(Q76=M76,(U76="Reorder Required")=(N76="Reorder Required")),"OK","Mismatch")
A77: INV00076 | B77: OUT002 | C77: =INDEX(Lookup!$B$2:$B$11,MATCH(B77,Lookup!$A$2:$A$11,0)) | D77: BP026 | E77: =INDEX(Lookup!$E$2:$E$51,MATCH(D77,Lookup!$D$2:$D$51,0)) | F77: =INDEX(Lookup!$F$2:$F$51,MATCH(D77,Lookup!$D$2:$D$51,0)) | G77: 98 | H77: 21 | I77: 104 | J77: 3 | K77: 16 | L77: 4 | M77: 12 | N77: Reorder Required | O77: =G77+H77 | P77: =G77+H77-I77-J77 | Q77: =MAX(0,P77) | R77: =MAX(0,-P77) | S77: =IFERROR(J77/O77,0) | T77: =IFERROR(I77/O77,0) | U77: =IF(P77<=K77,"Reorder Required","Stock Sufficient") | V77: =IF(AND(Q77=M77,(U77="Reorder Required")=(N77="Reorder Required")),"OK","Mismatch") | W77: Restock immediately
A78: INV00077 | B78: OUT002 | C78: =INDEX(Lookup!$B$2:$B$11,MATCH(B78,Lookup!$A$2:$A$11,0)) | D78: BP027 | E78: =INDEX(Lookup!$E$2:$E$51,MATCH(D78,Lookup!$D$2:$D$51,0)) | F78: =INDEX(Lookup!$F$2:$F$51,MATCH(D78,Lookup!$D$2:$D$51,0)) | G78: 98 | H78: 66 | I78: 46 | J78: 1 | K78: 29 | L78: 3 | M78: 117 | N78: Healthy | O78: =G78+H78 | P78: =G78+H78-I78-J78 | Q78: =MAX(0,P78) | R78: =MAX(0,-P78) | S78: =IFERROR(J78/O78,0) | T78: =IFERROR(I78/O78,0) | U78: =IF(P78<=K78,"Reorder Required","Stock Sufficient") | V78: =IF(AND(Q78=M78,(U78="Reorder Required")=(N78="Reorder Required")),"OK","Mismatch")
A79: INV00078 | B79: OUT002 | C79: =INDEX(Lookup!$B$2:$B$11,MATCH(B79,Lookup!$A$2:$A$11,0)) | D79: BP028 | E79: =INDEX(Lookup!$E$2:$E$51,MATCH(D79,Lookup!$D$2:$D$51,0)) | F79: =INDEX(Lookup!$F$2:$F$51,MATCH(D79,Lookup!$D$2:$D$51,0)) | G79: 65 | H79: 91 | I79: 107 | J79: 1 | K79: 25 | L79: 4 | M79: 48 | N79: Healthy | O79: =G79+H79 | P79: =G79+H79-I79-J79 | Q79: =MAX(0,P79) | R79: =MAX(0,-P79) | S79: =IFERROR(J79/O79,0) | T79: =IFERROR(I79/O79,0) | U79: =IF(P79<=K79,"Reorder Required","Stock Sufficient") | V79: =IF(AND(Q79=M79,(U79="Reorder Required")=(N79="Reorder Required")),"OK","Mismatch")
A80: INV00079 | B80: OUT002 | C80: =INDEX(Lookup!$B$2:$B$11,MATCH(B80,Lookup!$A$2:$A$11,0)) | D80: BP029 | E80: =INDEX(Lookup!$E$2:$E$51,MATCH(D80,Lookup!$D$2:$D$51,0)) | F80: =INDEX(Lookup!$F$2:$F$51,MATCH(D80,Lookup!$D$2:$D$51,0)) | G80: 58 | H80: 29 | I80: 79 | J80: 3 | K80: 36 | L80: 3 | M80: 5 | N80: Reorder Required | O80: =G80+H80 | P80: =G80+H80-I80-J80 | Q80: =MAX(0,P80) | R80: =MAX(0,-P80) | S80: =IFERROR(J80/O80,0) | T80: =IFERROR(I80/O80,0) | U80: =IF(P80<=K80,"Reorder Required","Stock Sufficient") | V80: =IF(AND(Q80=M80,(U80="Reorder Required")=(N80="Reorder Required")),"OK","Mismatch") | W80: Restock immediately
A81: INV00080 | B81: OUT002 | C81: =INDEX(Lookup!$B$2:$B$11,MATCH(B81,Lookup!$A$2:$A$11,0)) | D81: BP030 | E81: =INDEX(Lookup!$E$2:$E$51,MATCH(D81,Lookup!$D$2:$D$51,0)) | F81: =INDEX(Lookup!$F$2:$F$51,MATCH(D81,Lookup!$D$2:$D$51,0)) | G81: 62 | H81: 37 | I81: 105 | J81: 7 | K81: 24 | L81: 5 | M81: 0 | N81: Reorder Required | O81: =G81+H81 | P81: =G81+H81-I81-J81 | Q81: =MAX(0,P81) | R81: =MAX(0,-P81) | S81: =IFERROR(J81/O81,0) | T81: =IFERROR(I81/O81,0) | U81: =IF(P81<=K81,"Reorder Required","Stock Sufficient") | V81: =IF(AND(Q81=M81,(U81="Reorder Required")=(N81="Reorder Required")),"OK","Mismatch") | W81: Restock immediately
A82: INV00081 | B82: OUT002 | C82: =INDEX(Lookup!$B$2:$B$11,MATCH(B82,Lookup!$A$2:$A$11,0)) | D82: BP031 | E82: =INDEX(Lookup!$E$2:$E$51,MATCH(D82,Lookup!$D$2:$D$51,0)) | F82: =INDEX(Lookup!$F$2:$F$51,MATCH(D82,Lookup!$D$2:$D$51,0)) | G82: 98 | H82: 59 | I82: 68 | J82: 2 | K82: 31 | L82: 5 | M82: 87 | N82: Healthy | O82: =G82+H82 | P82: =G82+H82-I82-J82 | Q82: =MAX(0,P82) | R82: =MAX(0,-P82) | S82: =IFERROR(J82/O82,0) | T82: =IFERROR(I82/O82,0) | U82: =IF(P82<=K82,"Reorder Required","Stock Sufficient") | V82: =IF(AND(Q82=M82,(U82="Reorder Required")=(N82="Reorder Required")),"OK","Mismatch")
A83: INV00082 | B83: OUT002 | C83: =INDEX(Lookup!$B$2:$B$11,MATCH(B83,Lookup!$A$2:$A$11,0)) | D83: BP032 | E83: =INDEX(Lookup!$E$2:$E$51,MATCH(D83,Lookup!$D$2:$D$51,0)) | F83: =INDEX(Lookup!$F$2:$F$51,MATCH(D83,Lookup!$D$2:$D$51,0)) | G83: 118 | H83: 100 | I83: 61 | J83: 6 | K83: 35 | L83: 2 | M83: 151 | N83: Healthy | O83: =G83+H83 | P83: =G83+H83-I83-J83 | Q83: =MAX(0,P83) | R83: =MAX(0,-P83) | S83: =IFERROR(J83/O83,0) | T83: =IFERROR(I83/O83,0) | U83: =IF(P83<=K83,"Reorder Required","Stock Sufficient") | V83: =IF(AND(Q83=M83,(U83="Reorder Required")=(N83="Reorder Required")),"OK","Mismatch")
A84: INV00083 | B84: OUT002 | C84: =INDEX(Lookup!$B$2:$B$11,MATCH(B84,Lookup!$A$2:$A$11,0)) | D84: BP033 | E84: =INDEX(Lookup!$E$2:$E$51,MATCH(D84,Lookup!$D$2:$D$51,0)) | F84: =INDEX(Lookup!$F$2:$F$51,MATCH(D84,Lookup!$D$2:$D$51,0)) | G84: 132 | H84: 32 | I84: 124 | J84: 7 | K84: 21 | L84: 5 | M84: 33 | N84: Healthy | O84: =G84+H84 | P84: =G84+H84-I84-J84 | Q84: =MAX(0,P84) | R84: =MAX(0,-P84) | S84: =IFERROR(J84/O84,0) | T84: =IFERROR(I84/O84,0) | U84: =IF(P84<=K84,"Reorder Required","Stock Sufficient") | V84: =IF(AND(Q84=M84,(U84="Reorder Required")=(N84="Reorder Required")),"OK","Mismatch")
A85: INV00084 | B85: OUT002 | C85: =INDEX(Lookup!$B$2:$B$11,MATCH(B85,Lookup!$A$2:$A$11,0)) | D85: BP034 | E85: =INDEX(Lookup!$E$2:$E$51,MATCH(D85,Lookup!$D$2:$D$51,0)) | F85: =INDEX(Lookup!$F$2:$F$51,MATCH(D85,Lookup!$D$2:$D$51,0)) | G85: 102 | H85: 51 | I85: 107 | J85: 7 | K85: 37 | L85: 5 | M85: 39 | N85: Healthy | O85: =G85+H85 | P85: =G85+H85-I85-J85 | Q85: =MAX(0,P85) | R85: =MAX(0,-P85) | S85: =IFERROR(J85/O85,0) | T85: =IFERROR(I85/O85,0) | U85: =IF(P85<=K85,"Reorder Required","Stock Sufficient") | V85: =IF(AND(Q85=M85,(U85="Reorder Required")=(N85="Reorder Required")),"OK","Mismatch")
A86: INV00085 | B86: OUT002 | C86: =INDEX(Lookup!$B$2:$B$11,MATCH(B86,Lookup!$A$2:$A$11,0)) | D86: BP035 | E86: =INDEX(Lookup!$E$2:$E$51,MATCH(D86,Lookup!$D$2:$D$51,0)) | F86: =INDEX(Lookup!$F$2:$F$51,MATCH(D86,Lookup!$D$2:$D$51,0)) | G86: 119 | H86: 84 | I86: 83 | J86: 2 | K86: 18 | L86: 3 | M86: 118 | N86: Healthy | O86: =G86+H86 | P86: =G86+H86-I86-J86 | Q86: =MAX(0,P86) | R86: =MAX(0,-P86) | S86: =IFERROR(J86/O86,0) | T86: =IFERROR(I86/O86,0) | U86: =IF(P86<=K86,"Reorder Required","Stock Sufficient") | V86: =IF(AND(Q86=M86,(U86="Reorder Required")=(N86="Reorder Required")),"OK","Mismatch")
A87: INV00086 | B87: OUT002 | C87: =INDEX(Lookup!$B$2:$B$11,MATCH(B87,Lookup!$A$2:$A$11,0)) | D87: BP036 | E87: =INDEX(Lookup!$E$2:$E$51,MATCH(D87,Lookup!$D$2:$D$51,0)) | F87: =INDEX(Lookup!$F$2:$F$51,MATCH(D87,Lookup!$D$2:$D$51,0)) | G87: 90 | H87: 100 | I87: 105 | J87: 3 | K87: 32 | L87: 4 | M87: 82 | N87: Healthy | O87: =G87+H87 | P87: =G87+H87-I87-J87 | Q87: =MAX(0,P87) | R87: =MAX(0,-P87) | S87: =IFERROR(J87/O87,0) | T87: =IFERROR(I87/O87,0) | U87: =IF(P87<=K87,"Reorder Required","Stock Sufficient") | V87: =IF(AND(Q87=M87,(U87="Reorder Required")=(N87="Reorder Required")),"OK","Mismatch")
A88: INV00087 | B88: OUT002 | C88: =INDEX(Lookup!$B$2:$B$11,MATCH(B88,Lookup!$A$2:$A$11,0)) | D88: BP037 | E88: =INDEX(Lookup!$E$2:$E$51,MATCH(D88,Lookup!$D$2:$D$51,0)) | F88: =INDEX(Lookup!$F$2:$F$51,MATCH(D88,Lookup!$D$2:$D$51,0)) | G88: 107 | H88: 64 | I88: 122 | J88: 6 | K88: 33 | L88: 1 | M88: 43 | N88: Healthy | O88: =G88+H88 | P88: =G88+H88-I88-J88 | Q88: =MAX(0,P88) | R88: =MAX(0,-P88) | S88: =IFERROR(J88/O88,0) | T88: =IFERROR(I88/O88,0) | U88: =IF(P88<=K88,"Reorder Required","Stock Sufficient") | V88: =IF(AND(Q88=M88,(U88="Reorder Required")=(N88="Reorder Required")),"OK","Mismatch")
A89: INV00088 | B89: OUT002 | C89: =INDEX(Lookup!$B$2:$B$11,MATCH(B89,Lookup!$A$2:$A$11,0)) | D89: BP038 | E89: =INDEX(Lookup!$E$2:$E$51,MATCH(D89,Lookup!$D$2:$D$51,0)) | F89: =INDEX(Lookup!$F$2:$F$51,MATCH(D89,Lookup!$D$2:$D$51,0)) | G89: 70 | H89: 47 | I89: 74 | J89: 4 | K89: 17 | L89: 2 | M89: 39 | N89: Healthy | O89: =G89+H89 | P89: =G89+H89-I89-J89 | Q89: =MAX(0,P89) | R89: =MAX(0,-P89) | S89: =IFERROR(J89/O89,0) | T89: =IFERROR(I89/O89,0) | U89: =IF(P89<=K89,"Reorder Required","Stock Sufficient") | V89: =IF(AND(Q89=M89,(U89="Reorder Required")=(N89="Reorder Required")),"OK","Mismatch")
A90: INV00089 | B90: OUT002 | C90: =INDEX(Lookup!$B$2:$B$11,MATCH(B90,Lookup!$A$2:$A$11,0)) | D90: BP039 | E90: =INDEX(Lookup!$E$2:$E$51,MATCH(D90,Lookup!$D$2:$D$51,0)) | F90: =INDEX(Lookup!$F$2:$F$51,MATCH(D90,Lookup!$D$2:$D$51,0)) | G90: 150 | H90: 60 | I90: 56 | J90: 8 | K90: 33 | L90: 2 | M90: 146 | N90: Healthy | O90: =G90+H90 | P90: =G90+H90-I90-J90 | Q90: =MAX(0,P90) | R90: =MAX(0,-P90) | S90: =IFERROR(J90/O90,0) | T90: =IFERROR(I90/O90,0) | U90: =IF(P90<=K90,"Reorder Required","Stock Sufficient") | V90: =IF(AND(Q90=M90,(U90="Reorder Required")=(N90="Reorder Required")),"OK","Mismatch")
A91: INV00090 | B91: OUT002 | C91: =INDEX(Lookup!$B$2:$B$11,MATCH(B91,Lookup!$A$2:$A$11,0)) | D91: BP040 | E91: =INDEX(Lookup!$E$2:$E$51,MATCH(D91,Lookup!$D$2:$D$51,0)) | F91: =INDEX(Lookup!$F$2:$F$51,MATCH(D91,Lookup!$D$2:$D$51,0)) | G91: 143 | H91: 82 | I91: 87 | J91: 7 | K91: 19 | L91: 1 | M91: 131 | N91: Healthy | O91: =G91+H91 | P91: =G91+H91-I91-J91 | Q91: =MAX(0,P91) | R91: =MAX(0,-P91) | S91: =IFERROR(J91/O91,0) | T91: =IFERROR(I91/O91,0) | U91: =IF(P91<=K91,"Reorder Required","Stock Sufficient") | V91: =IF(AND(Q91=M91,(U91="Reorder Required")=(N91="Reorder Required")),"OK","Mismatch")
A92: INV00091 | B92: OUT002 | C92: =INDEX(Lookup!$B$2:$B$11,MATCH(B92,Lookup!$A$2:$A$11,0)) | D92: BP041 | E92: =INDEX(Lookup!$E$2:$E$51,MATCH(D92,Lookup!$D$2:$D$51,0)) | F92: =INDEX(Lookup!$F$2:$F$51,MATCH(D92,Lookup!$D$2:$D$51,0)) | G92: 123 | H92: 85 | I92: 50 | J92: 1 | K92: 20 | L92: 3 | M92: 157 | N92: Healthy | O92: =G92+H92 | P92: =G92+H92-I92-J92 | Q92: =MAX(0,P92) | R92: =MAX(0,-P92) | S92: =IFERROR(J92/O92,0) | T92: =IFERROR(I92/O92,0) | U92: =IF(P92<=K92,"Reorder Required","Stock Sufficient") | V92: =IF(AND(Q92=M92,(U92="Reorder Required")=(N92="Reorder Required")),"OK","Mismatch")
A93: INV00092 | B93: OUT002 | C93: =INDEX(Lookup!$B$2:$B$11,MATCH(B93,Lookup!$A$2:$A$11,0)) | D93: BP042 | E93: =INDEX(Lookup!$E$2:$E$51,MATCH(D93,Lookup!$D$2:$D$51,0)) | F93: =INDEX(Lookup!$F$2:$F$51,MATCH(D93,Lookup!$D$2:$D$51,0)) | G93: 122 | H93: 75 | I93: 60 | J93: 3 | K93: 35 | L93: 3 | M93: 134 | N93: Healthy | O93: =G93+H93 | P93: =G93+H93-I93-J93 | Q93: =MAX(0,P93) | R93: =MAX(0,-P93) | S93: =IFERROR(J93/O93,0) | T93: =IFERROR(I93/O93,0) | U93: =IF(P93<=K93,"Reorder Required","Stock Sufficient") | V93: =IF(AND(Q93=M93,(U93="Reorder Required")=(N93="Reorder Required")),"OK","Mismatch")
... A98: INV00097 | B98: OUT002 | C98: =INDEX(Lookup!$B$2:$B$11,MATCH(B98,Lookup!$A$2:$A$11,0)) | D98: BP047 | E98: =INDEX(Lookup!$E$2:$E$51,MATCH(D98,Lookup!$D$2:$D$51,0)) | F98: =INDEX(Lookup!$F$2:$F$51,MATCH(D98,Lookup!$D$2:$D$51,0)) | G98: 135 | H98: 93 | I98: 65 | J98: 1 | K98: 31 | L98: 1 | M98: 162 | N98: Healthy | O98: =G98+H98 | P98: =G98+H98-I98-J98 | Q98: =MAX(0,P98) | R98: =MAX(0,-P98) | S98: =IFERROR(J98/O98,0) | T98: =IFERROR(I98/O98,0) | U98: =IF(P98<=K98,"Reorder Required","Stock Sufficient") | V98: =IF(AND(Q98=M98,(U98="Reorder Required")=(N98="Reorder Required")),"OK","Mismatch")
A99: INV00098 | B99: OUT002 | C99: =INDEX(Lookup!$B$2:$B$11,MATCH(B99,Lookup!$A$2:$A$11,0)) | D99: BP048 | E99: =INDEX(Lookup!$E$2:$E$51,MATCH(D99,Lookup!$D$2:$D$51,0)) | F99: =INDEX(Lookup!$F$2:$F$51,MATCH(D99,Lookup!$D$2:$D$51,0)) | G99: 61 | H99: 26 | I99: 78 | J99: 3 | K99: 35 | L99: 1 | M99: 6 | N99: Reorder Required | O99: =G99+H99 | P99: =G99+H99-I99-J99 | Q99: =MAX(0,P99) | R99: =MAX(0,-P99) | S99: =IFERROR(J99/O99,0) | T99: =IFERROR(I99/O99,0) | U99: =IF(P99<=K99,"Reorder Required","Stock Sufficient") | V99: =IF(AND(Q99=M99,(U99="Reorder Required")=(N99="Reorder Required")),"OK","Mismatch") | W99: Restock immediately
A100: INV00099 | B100: OUT002 | C100: =INDEX(Lookup!$B$2:$B$11,MATCH(B100,Lookup!$A$2:$A$11,0)) | D100: BP049 | E100: =INDEX(Lookup!$E$2:$E$51,MATCH(D100,Lookup!$D$2:$D$51,0)) | F100: =INDEX(Lookup!$F$2:$F$51,MATCH(D100,Lookup!$D$2:$D$51,0)) | G100: 128 | H100: 38 | I100: 99 | J100: 1 | K100: 29 | L100: 2 | M100: 66 | N100: Healthy | O100: =G100+H100 | P100: =G100+H100-I100-J100 | Q100: =MAX(0,P100) | R100: =MAX(0,-P100) | S100: =IFERROR(J100/O100,0) | T100: =IFERROR(I100/O100,0) | U100: =IF(P100<=K100,"Reorder Required","Stock Sufficient") | V100: =IF(AND(Q100=M100,(U100="Reorder Required")=(N100="Reorder Required")),"OK","Mismatch")
A101: INV00100 | B101: OUT002 | C101: =INDEX(Lookup!$B$2:$B$11,MATCH(B101,Lookup!$A$2:$A$11,0)) | D101: BP050 | E101: =INDEX(Lookup!$E$2:$E$51,MATCH(D101,Lookup!$D$2:$D$51,0)) | F101: =INDEX(Lookup!$F$2:$F$51,MATCH(D101,Lookup!$D$2:$D$51,0)) | G101: 69 | H101: 24 | I101: 84 | J101: 3 | K101: 19 | L101: 4 | M101: 6 | N101: Reorder Required | O101: =G101+H101 | P101: =G101+H101-I101-J101 | Q101: =MAX(0,P101) | R101: =MAX(0,-P101) | S101: =IFERROR(J101/O101,0) | T101: =IFERROR(I101/O101,0) | U101: =IF(P101<=K101,"Reorder Required","Stock Sufficient") | V101: =IF(AND(Q101=M101,(U101="Reorder Required")=(N101="Reorder Required")),"OK","Mismatch") | W101: Restock immediately
A102: INV00101 | B102: OUT003 | C102: =INDEX(Lookup!$B$2:$B$11,MATCH(B102,Lookup!$A$2:$A$11,0)) | D102: BP001 | E102: =INDEX(Lookup!$E$2:$E$51,MATCH(D102,Lookup!$D$2:$D$51,0)) | F102: =INDEX(Lookup!$F$2:$F$51,MATCH(D102,Lookup!$D$2:$D$51,0)) | G102: 104 | H102: 32 | I102: 129 | J102: 1 | K102: 22 | L102: 5 | M102: 6 | N102: Reorder Required | O102: =G102+H102 | P102: =G102+H102-I102-J102 | Q102: =MAX(0,P102) | R102: =MAX(0,-P102) | S102: =IFERROR(J102/O102,0) | T102: =IFERROR(I102/O102,0) | U102: =IF(P102<=K102,"Reorder Required","Stock Sufficient") | V102: =IF(AND(Q102=M102,(U102="Reorder Required")=(N102="Reorder Required")),"OK","Mismatch") | W102: Restock immediately
A103: INV00102 | B103: OUT003 | C103: =INDEX(Lookup!$B$2:$B$11,MATCH(B103,Lookup!$A$2:$A$11,0)) | D103: BP002 | E103: =INDEX(Lookup!$E$2:$E$51,MATCH(D103,Lookup!$D$2:$D$51,0)) | F103: =INDEX(Lookup!$F$2:$F$51,MATCH(D103,Lookup!$D$2:$D$51,0)) | G103: 98 | H103: 26 | I103: 120 | J103: 1 | K103: 15 | L103: 4 | M103: 3 | N103: Reorder Required | O103: =G103+H103 | P103: =G103+H103-I103-J103 | Q103: =MAX(0,P103) | R103: =MAX(0,-P103) | S103: =IFERROR(J103/O103,0) | T103: =IFERROR(I103/O103,0) | U103: =IF(P103<=K103,"Reorder Required","Stock Sufficient") | V103: =IF(AND(Q103=M103,(U103="Reorder Required")=(N103="Reorder Required")),"OK","Mismatch") | W103: Restock immediately
A104: INV00103 | B104: OUT003 | C104: =INDEX(Lookup!$B$2:$B$11,MATCH(B104,Lookup!$A$2:$A$11,0)) | D104: BP003 | E104: =INDEX(Lookup!$E$2:$E$51,MATCH(D104,Lookup!$D$2:$D$51,0)) | F104: =INDEX(Lookup!$F$2:$F$51,MATCH(D104,Lookup!$D$2:$D$51,0)) | G104: 83 | H104: 31 | I104: 136 | J104: 3 | K104: 15 | L104: 5 | M104: 0 | N104: Reorder Required | O104: =G104+H104 | P104: =G104+H104-I104-J104 | Q104: =MAX(0,P104) | R104: =MAX(0,-P104) | S104: =IFERROR(J104/O104,0) | T104: =IFERROR(I104/O104,0) | U104: =IF(P104<=K104,"Reorder Required","Stock Sufficient") | V104: =IF(AND(Q104=M104,(U104="Reorder Required")=(N104="Reorder Required")),"OK","Mismatch") | W104: Restock immediately
...

Sheet Data_Cleaning
B1: 🧹 Data Cleaning Report
B2: Checks run on the raw Inventory sheet (500 rows). Results are live formulas.
B4: # | C4: Check | D4: Columns | E4: Result | F4: Status | G4: Finding / treatment
B5: 1 | C5: Total records | D5: All | E5: =COUNTA(Inventory!$A$2:$A$501) | F5: INFO | G5: 500 outlet–product inventory lines (10 outlets × 50 products).
B6: 2 | C6: Duplicate rows (repeated Inventory_ID) | D6: Inventory_ID | E6: =SUMPRODUCT((COUNTIF(Inventory!$A$2:$A$501,Inventory!$A$2:$A$501)>1)*1) | F6: =IF(E6=0,"PASS","REVIEW") | G6: No duplicates found – nothing removed.
B7: 3 | C7: Duplicate Outlet_ID + Product_ID pairs | D7: Outlet_ID, Product_ID | E7: =SUMPRODUCT((COUNTIFS(Inventory!$B$2:$B$501,Inventory!$B$2:$B$501,Inventory!$C$2:$C$501,Inventory!$C$2:$C$501)>1)*1) | F7: =IF(E7=0,"PASS","REVIEW") | G7: Every outlet–product pair appears exactly once.
B8: 4 | C8: Blank cells in core columns | D8: A:K | E8: =COUNTBLANK(Inventory!$A$2:$K$501) | F8: =IF(E8=0,"PASS","REVIEW") | G8: No blanks in IDs, stock, wastage, reorder level, status or lead time.
B9: 5 | C9: Blank Remarks | D9: Remarks | E9: =COUNTBLANK(Inventory!$L$2:$L$501) | F9: =IF(E9=COUNTIF(Inventory!$J$2:$J$501,"Healthy"),"PASS (expected)","REVIEW") | G9: Blank only where Inventory_Status = Healthy (remark exists only for "Restock immediately") – expected, left blank.
B10: 6 | C10: Non-numeric entries in numeric columns | D10: D:I, K | E10: =ROWS(Inventory!$D$2:$D$501)*6-COUNT(Inventory!$D$2:$I$501)+ROWS(Inventory!$K$2:$K$501)-COUNT(Inventory!$K$2:$K$501) | F10: =IF(E10=0,"PASS","REVIEW") | G10: All stock, wastage, reorder-level and lead-time fields are true numbers (no text-numbers).
B11: 7 | C11: Non-whole stock quantities | D11: D:I, K | E11: =SUMPRODUCT((Inventory!$D$2:$I$501<>INT(Inventory!$D$2:$I$501))*1) | F11: =IF(E11=0,"PASS","REVIEW") | G11: All quantities are whole units.
B12: 8 | C12: Negative values | D12: D:I, K | E12: =COUNTIF(Inventory!$D$2:$I$501,"<0")+COUNTIF(Inventory!$K$2:$K$501,"<0") | F12: =IF(E12=0,"PASS","REVIEW") | G12: No negative inputs.
B13: 9 | C13: Invalid lead time (≤ 0 days) | D13: Supplier_Lead_Time_Days | E13: =COUNTIF(Inventory!$K$2:$K$501,"<=0") | F13: =IF(E13=0,"PASS","REVIEW") | G13: Lead times range 1–5 days.
B14: 10 | C14: Wastage greater than available stock | D14: Wastage | E14: =SUMPRODUCT((Inventory!$H$2:$H$501>Inventory!$D$2:$D$501+Inventory!$E$2:$E$501)*1) | F14: =IF(E14=0,"PASS","REVIEW") | G14: Wastage is always small (max 8 units).
B15: 11 | C15: Units sold greater than stock available (Opening + Received) | D15: Units_Sold | E15: =SUMPRODUCT((Inventory!$F$2:$F$501>Inventory!$D$2:$D$501+Inventory!$E$2:$E$501)*1) | F15: =IF(E15=0,"PASS","REVIEW") | G15: Sold more than was available → utilization above 100%. Kept as reported and flagged (Inventory_Clean: Stock_Utilization_% > 100% shown red). Likely unrecorded receipts – confirm with the outlets.
B16: 12 | C16: Calculated Closing Stock below zero | D16: Closing_Stock | E16: =COUNTIF(Inventory_Clean!$P$2:$P$501,"<0") | F16: =IF(E16=0,"PASS","REVIEW") | G16: Formula Opening + Received − Sold − Wastage gives negative stock. The source file floors these at 0. Closing_Stock keeps the formula result; Closing_Stock_Adj (floored at 0) feeds totals; Stock_Shortfall shows the missing units.
B17: 13 | C17: Source Closing_Stock / status vs recalculated | D17: Closing_Stock, Inventory_Status | E17: =COUNTIF(Inventory_Clean!$V$2:$V$501,"Mismatch") | F17: =IF(E17=0,"PASS","REVIEW") | G17: Recalculated values match the source file on every row (source status "Healthy" = Stock Sufficient).
B18: 14 | C18: Outlet_ID format / extra spaces | D18: Outlet_ID | E18: =SUMPRODUCT((LEN(Inventory!$B$2:$B$501)<>6)*1)+SUMPRODUCT((LEN(Inventory!$B$2:$B$501)<>LEN(TRIM(Inventory!$B$2:$B$501)))*1) | F18: =IF(E18=0,"PASS","REVIEW") | G18: All Outlet_IDs follow OUT### with no stray spaces.
B19: 15 | C19: Product_ID format / extra spaces | D19: Product_ID | E19: =SUMPRODUCT((LEN(Inventory!$C$2:$C$501)<>5)*1)+SUMPRODUCT((LEN(Inventory!$C$2:$C$501)<>LEN(TRIM(Inventory!$C$2:$C$501)))*1) | F19: =IF(E19=0,"PASS","REVIEW") | G19: All Product_IDs follow BP### with no stray spaces.
B20: 16 | C20: Outlet_IDs not in master list | D20: Outlet_ID | E20: =SUMPRODUCT((COUNTIF(Lookup!$A$2:$A$11,Inventory!$B$2:$B$501)=0)*1) | F20: =IF(E20=0,"PASS","REVIEW") | G20: All 10 Outlet_IDs exist in the sales data (same IDs, same outlet names).
B21: 17 | C21: Product_IDs not in master list | D21: Product_ID | E21: =SUMPRODUCT((COUNTIF(Lookup!$D$2:$D$51,Inventory!$C$2:$C$501)=0)*1) | F21: =IF(E21=0,"PASS","REVIEW") | G21: All 50 Product_IDs exist in the sales data (same IDs).
B22: 18 | C22: Outlets without all 50 products | D22: Outlet_ID | E22: =SUMPRODUCT((COUNTIF(Inventory!$B$2:$B$501,Lookup!$A$2:$A$11)<>COUNTA(Lookup!$D$2:$D$51))*1) | F22: =IF(E22=0,"PASS","REVIEW") | G22: Each outlet stocks every product exactly once.
B23: 19 | C23: Date fields | D23: — | E23: n/a | F23: INFO | G23: The inventory sheet has no date column, so there is nothing to convert. A date field is needed for a true date-wise / monthly trend.
B24: 20 | C24: Supplier field | D24: — | E24: n/a | F24: INFO | G24: The inventory sheet has Supplier_Lead_Time_Days but no supplier name, so lead time is analysed by outlet and category instead.
B25: 21 | C25: Number formatting | D25: All numeric columns | E25: Done | F25: INFO | G25: Whole numbers with thousands separators, percentages 0.0%, negatives red, headers styled, panes frozen, data converted to an Excel Table (InventoryTable).

Sheet Lookup
A1: Outlet_ID | B1: Outlet_Name | C1: City | D1: Product_ID | E1: Product_Name | F1: Category | H1: Master lists taken from the Sales_Transactions sheet of the BrewBean workbook (10 outlets, 50 products); used to validate IDs and add names.
A2: OUT001 | B2: BrewBean RS Puram | C2: Coimbatore | D2: BP001 | E2: Product 1 | F2: Coffee
A3: OUT002 | B3: BrewBean Peelamedu | C3: Coimbatore | D3: BP002 | E3: Product 2 | F3: Cold Coffee
A4: OUT003 | B4: BrewBean Gandhipuram | C4: Coimbatore | D4: BP003 | E4: Product 3 | F4: Frappes
A5: OUT004 | B5: BrewBean Saravanampatti | C5: Coimbatore | D5: BP004 | E5: Product 4 | F5: Tea
A6: OUT005 | B6: BrewBean Saibaba Colony | C6: Coimbatore | D6: BP005 | E6: Product 5 | F6: Fresh Juice
A7: OUT006 | B7: BrewBean Tiruppur | C7: Tiruppur | D7: BP006 | E7: Product 6 | F7: Smoothie
A8: OUT007 | B8: BrewBean Pollachi | C8: Pollachi | D8: BP007 | E8: Product 7 | F8: Sandwich
A9: OUT008 | B9: BrewBean Salem | C9: Salem | D9: BP008 | E9: Product 8 | F9: Burger
A10: OUT009 | B10: BrewBean Madurai | C10: Madurai | D10: BP009 | E10: Product 9 | F10: Wrap
A11: OUT010 | B11: BrewBean Trichy | C11: Tiruchirappalli | D11: BP010 | E11: Product 10 | F11: Sides
D12: BP011 | E12: Product 11 | F12: Pastry
D13: BP012 | E13: Product 12 | F13: Cake
D14: BP013 | E14: Product 13 | F14: Cookies
D15: BP014 | E15: Product 14 | F15: Dessert
D16: BP015 | E16: Product 15 | F16: Beverage
D17: BP016 | E17: Product 16 | F17: Coffee
D18: BP017 | E18: Product 17 | F18: Cold Coffee
D19: BP018 | E19: Product 18 | F19: Frappes
D20: BP019 | E20: Product 19 | F20: Tea
D21: BP020 | E21: Product 20 | F21: Fresh Juice
D22: BP021 | E22: Product 21 | F22: Smoothie
D23: BP022 | E23: Product 22 | F23: Sandwich
... D51: BP050 | E51: Product 50 | F51: Fresh Juice

Sheet Inventory
A1: Inventory_ID | B1: Outlet_ID | C1: Product_ID | D1: Opening_Stock | E1: Received_Stock | F1: Units_Sold | G1: Closing_Stock | H1: Wastage | I1: Reorder_Level | J1: Inventory_Status | K1: Supplier_Lead_Time_Days | L1: Remarks
A2: INV00001 | B2: OUT001 | C2: BP001 | D2: 51 | E2: 71 | F2: 174 | G2: 0 | H2: 0 | I2: 31 | J2: Reorder Required | K2: 1 | L2: Restock immediately
A3: INV00002 | B3: OUT001 | C3: BP002 | D3: 127 | E3: 96 | F3: 72 | G3: 149 | H3: 2 | I3: 19 | J3: Healthy | K3: 4
A4: INV00003 | B4: OUT001 | C4: BP003 | D4: 52 | E4: 22 | F4: 172 | G4: 0 | H4: 3 | I4: 17 | J4: Reorder Required | K4: 5 | L4: Restock immediately
A5: INV00004 | B5: OUT001 | C5: BP004 | D5: 40 | E5: 42 | F5: 144 | G5: 0 | H5: 1 | I5: 21 | J5: Reorder Required | K5: 2 | L5: Restock immediately
A6: INV00005 | B6: OUT001 | C6: BP005 | D6: 104 | E6: 36 | F6: 98 | G6: 39 | H6: 3 | I6: 38 | J6: Healthy | K6: 3
A7: INV00006 | B7: OUT001 | C7: BP006 | D7: 111 | E7: 25 | F7: 95 | G7: 39 | H7: 2 | I7: 32 | J7: Healthy | K7: 5
A8: INV00007 | B8: OUT001 | C8: BP007 | D8: 66 | E8: 29 | F8: 66 | G8: 27 | H8: 2 | I8: 18 | J8: Healthy | K8: 4
A9: INV00008 | B9: OUT001 | C9: BP008 | D9: 96 | E9: 74 | F9: 137 | G9: 32 | H9: 1 | I9: 32 | J9: Reorder Required | K9: 4 | L9: Restock immediately
A10: INV00009 | B10: OUT001 | C10: BP009 | D10: 54 | E10: 84 | F10: 159 | G10: 0 | H10: 1 | I10: 37 | J10: Reorder Required | K10: 3 | L10: Restock immediately
A11: INV00010 | B11: OUT001 | C11: BP010 | D11: 43 | E11: 86 | F11: 101 | G11: 26 | H11: 2 | I11: 36 | J11: Reorder Required | K11: 3 | L11: Restock immediately
A12: INV00011 | B12: OUT001 | C12: BP011 | D12: 127 | E12: 45 | F12: 113 | G12: 58 | H12: 1 | I12: 29 | J12: Healthy | K12: 2
A13: INV00012 | B13: OUT001 | C13: BP012 | D13: 95 | E13: 53 | F13: 92 | G13: 54 | H13: 2 | I13: 21 | J13: Healthy | K13: 5
A14: INV00013 | B14: OUT001 | C14: BP013 | D14: 45 | E14: 38 | F14: 105 | G14: 0 | H14: 0 | I14: 29 | J14: Reorder Required | K14: 1 | L14: Restock immediately
A15: INV00014 | B15: OUT001 | C15: BP014 | D15: 101 | E15: 75 | F15: 74 | G15: 102 | H15: 0 | I15: 31 | J15: Healthy | K15: 3
A16: INV00015 | B16: OUT001 | C16: BP015 | D16: 115 | E16: 25 | F16: 144 | G16: 0 | H16: 2 | I16: 32 | J16: Reorder Required | K16: 3 | L16: Restock immediately
A17: INV00016 | B17: OUT001 | C17: BP016 | D17: 112 | E17: 75 | F17: 96 | G17: 90 | H17: 1 | I17: 29 | J17: Healthy | K17: 1
A18: INV00017 | B18: OUT001 | C18: BP017 | D18: 131 | E18: 43 | F18: 133 | G18: 41 | H18: 0 | I18: 34 | J18: Healthy | K18: 5
A19: INV00018 | B19: OUT001 | C19: BP018 | D19: 51 | E19: 53 | F19: 114 | G19: 0 | H19: 0 | I19: 23 | J19: Reorder Required | K19: 1 | L19: Restock immediately
A20: INV00019 | B20: OUT001 | C20: BP019 | D20: 92 | E20: 36 | F20: 89 | G20: 38 | H20: 1 | I20: 28 | J20: Healthy | K20: 2
A21: INV00020 | B21: OUT001 | C21: BP020 | D21: 72 | E21: 80 | F21: 146 | G21: 5 | H21: 1 | I21: 28 | J21: Reorder Required | K21: 1 | L21: Restock immediately
A22: INV00021 | B22: OUT001 | C22: BP021 | D22: 52 | E22: 31 | F22: 77 | G22: 3 | H22: 3 | I22: 19 | J22: Reorder Required | K22: 5 | L22: Restock immediately
A23: INV00022 | B23: OUT001 | C23: BP022 | D23: 141 | E23: 94 | F23: 115 | G23: 120 | H23: 0 | I23: 29 | J23: Healthy | K23: 5
A24: INV00023 | B24: OUT001 | C24: BP023 | D24: 55 | E24: 92 | F24: 119 | G24: 25 | H24: 3 | I24: 30 | J24: Reorder Required | K24: 5 | L24: Restock immediately
A25: INV00024 | B25: OUT001 | C25: BP024 | D25: 150 | E25: 69 | F25: 86 | G25: 130 | H25: 3 | I25: 28 | J25: Healthy | K25: 3
A26: INV00025 | B26: OUT001 | C26: BP025 | D26: 86 | E26: 30 | F26: 117 | G26: 0 | H26: 2 | I26: 26 | J26: Reorder Required | K26: 5 | L26: Restock immediately
A27: INV00026 | B27: OUT001 | C27: BP026 | D27: 53 | E27: 25 | F27: 114 | G27: 0 | H27: 2 | I27: 40 | J27: Reorder Required | K27: 5 | L27: Restock immediately
A28: INV00027 | B28: OUT001 | C28: BP027 | D28: 44 | E28: 39 | F28: 134 | G28: 0 | H28: 0 | I28: 37 | J28: Reorder Required | K28: 4 | L28: Restock immediately
A29: INV00028 | B29: OUT001 | C29: BP028 | D29: 41 | E29: 44 | F29: 99 | G29: 0 | H29: 0 | I29: 17 | J29: Reorder Required | K29: 5 | L29: Restock immediately
A30: INV00029 | B30: OUT001 | C30: BP029 | D30: 114 | E30: 24 | F30: 173 | G30: 0 | H30: 1 | I30: 15 | J30: Reorder Required | K30: 2 | L30: Restock immediately
A31: INV00030 | B31: OUT001 | C31: BP030 | D31: 53 | E31: 100 | F31: 90 | G31: 59 | H31: 4 | I31: 16 | J31: Healthy | K31: 1
A32: INV00031 | B32: OUT001 | C32: BP031 | D32: 120 | E32: 82 | F32: 114 | G32: 81 | H32: 7 | I32: 30 | J32: Healthy | K32: 2
A33: INV00032 | B33: OUT001 | C33: BP032 | D33: 40 | E33: 20 | F33: 158 | G33: 0 | H33: 5 | I33: 38 | J33: Reorder Required | K33: 1 | L33: Restock immediately
A34: INV00033 | B34: OUT001 | C34: BP033 | D34: 98 | E34: 46 | F34: 88 | G34: 51 | H34: 5 | I34: 40 | J34: Healthy | K34: 5
A35: INV00034 | B35: OUT001 | C35: BP034 | D35: 90 | E35: 22 | F35: 93 | G35: 16 | H35: 3 | I35: 32 | J35: Reorder Required | K35: 4 | L35: Restock immediately
A36: INV00035 | B36: OUT001 | C36: BP035 | D36: 132 | E36: 53 | F36: 70 | G36: 108 | H36: 7 | I36: 29 | J36: Healthy | K36: 5
A37: INV00036 | B37: OUT001 | C37: BP036 | D37: 113 | E37: 64 | F37: 107 | G37: 65 | H37: 5 | I37: 30 | J37: Healthy | K37: 4
A38: INV00037 | B38: OUT001 | C38: BP037 | D38: 105 | E38: 65 | F38: 112 | G38: 56 | H38: 2 | I38: 28 | J38: Healthy | K38: 2
A39: INV00038 | B39: OUT001 | C39: BP038 | D39: 97 | E39: 43 | F39: 139 | G39: 0 | H39: 4 | I39: 39 | J39: Reorder Required | K39: 4 | L39: Restock immediately
A40: INV00039 | B40: OUT001 | C40: BP039 | D40: 143 | E40: 60 | F40: 80 | G40: 116 | H40: 7 | I40: 38 | J40: Healthy | K40: 4
A41: INV00040 | B41: OUT001 | C41: BP040 | D41: 115 | E41: 79 | F41: 80 | G41: 106 | H41: 8 | I41: 30 | J41: Healthy | K41: 2
A42: INV00041 | B42: OUT001 | C42: BP041 | D42: 115 | E42: 99 | F42: 95 | G42: 119 | H42: 0 | I42: 30 | J42: Healthy | K42: 5
A43: INV00042 | B43: OUT001 | C43: BP042 | D43: 51 | E43: 48 | F43: 111 | G43: 0 | H43: 2 | I43: 15 | J43: Reorder Required | K43: 2 | L43: Restock immediately
A44: INV00043 | B44: OUT001 | C44: BP043 | D44: 101 | E44: 45 | F44: 96 | G44: 49 | H44: 1 | I44: 38 | J44: Healthy | K44: 2
A45: INV00044 | B45: OUT001 | C45: BP044 | D45: 41 | E45: 50 | F45: 139 | G45: 0 | H45: 3 | I45: 19 | J45: Reorder Required | K45: 5 | L45: Restock immediately
A46: INV00045 | B46: OUT001 | C46: BP045 | D46: 79 | E46: 51 | F46: 79 | G46: 51 | H46: 0 | I46: 35 | J46: Healthy | K46: 5
A47: INV00046 | B47: OUT001 | C47: BP046 | D47: 109 | E47: 42 | F47: 111 | G47: 38 | H47: 2 | I47: 35 | J47: Healthy | K47: 1
A48: INV00047 | B48: OUT001 | C48: BP047 | D48: 147 | E48: 72 | F48: 86 | G48: 131 | H48: 2 | I48: 40 | J48: Healthy | K48: 5
A49: INV00048 | B49: OUT001 | C49: BP048 | D49: 66 | E49: 88 | F49: 75 | G49: 77 | H49: 2 | I49: 30 | J49: Healthy | K49: 5
A50: INV00049 | B50: OUT001 | C50: BP049 | D50: 94 | E50: 41 | F50: 143 | G50: 0 | H50: 2 | I50: 33 | J50: Reorder Required | K50: 3 | L50: Restock immediately
A51: INV00050 | B51: OUT001 | C51: BP050 | D51: 89 | E51: 73 | F51: 130 | G51: 30 | H51: 2 | I51: 17 | J51: Healthy | K51: 2
A52: INV00051 | B52: OUT002 | C52: BP001 | D52: 140 | E52: 90 | F52: 124 | G52: 104 | H52: 2 | I52: 35 | J52: Healthy | K52: 3
A53: INV00052 | B53: OUT002 | C53: BP002 | D53: 100 | E53: 49 | F53: 60 | G53: 86 | H53: 3 | I53: 20 | J53: Healthy | K53: 4
A54: INV00053 | B54: OUT002 | C54: BP003 | D54: 145 | E54: 33 | F54: 64 | G54: 114 | H54: 0 | I54: 37 | J54: Healthy | K54: 5
A55: INV00054 | B55: OUT002 | C55: BP004 | D55: 132 | E55: 67 | F55: 110 | G55: 87 | H55: 2 | I55: 31 | J55: Healthy | K55: 1
A56: INV00055 | B56: OUT002 | C56: BP005 | D56: 102 | E56: 93 | F56: 86 | G56: 108 | H56: 1 | I56: 38 | J56: Healthy | K56: 3
A57: INV00056 | B57: OUT002 | C57: BP006 | D57: 70 | E57: 56 | F57: 72 | G57: 54 | H57: 0 | I57: 39 | J57: Healthy | K57: 2
A58: INV00057 | B58: OUT002 | C58: BP007 | D58: 103 | E58: 68 | F58: 70 | G58: 101 | H58: 0 | I58: 18 | J58: Healthy | K58: 1
A59: INV00058 | B59: OUT002 | C59: BP008 | D59: 128 | E59: 61 | F59: 90 | G59: 99 | H59: 0 | I59: 18 | J59: Healthy | K59: 4
A60: INV00059 | B60: OUT002 | C60: BP009 | D60: 89 | E60: 88 | F60: 125 | G60: 52 | H60: 0 | I60: 27 | J60: Healthy | K60: 3
A61: INV00060 | B61: OUT002 | C61: BP010 | D61: 63 | E61: 90 | F61: 102 | G61: 48 | H61: 3 | I61: 19 | J61: Healthy | K61: 5
A62: INV00061 | B62: OUT002 | C62: BP011 | D62: 86 | E62: 47 | F62: 127 | G62: 6 | H62: 0 | I62: 24 | J62: Reorder Required | K62: 1 | L62: Restock immediately
A63: INV00062 | B63: OUT002 | C63: BP012 | D63: 123 | E63: 55 | F63: 85 | G63: 90 | H63: 3 | I63: 22 | J63: Healthy | K63: 4
A64: INV00063 | B64: OUT002 | C64: BP013 | D64: 51 | E64: 59 | F64: 76 | G64: 33 | H64: 1 | I64: 15 | J64: Healthy | K64: 5
A65: INV00064 | B65: OUT002 | C65: BP014 | D65: 44 | E65: 89 | F65: 116 | G65: 14 | H65: 3 | I65: 17 | J65: Reorder Required | K65: 3 | L65: Restock immediately
A66: INV00065 | B66: OUT002 | C66: BP015 | D66: 87 | E66: 98 | F66: 46 | G66: 139 | H66: 0 | I66: 39 | J66: Healthy | K66: 1
A67: INV00066 | B67: OUT002 | C67: BP016 | D67: 88 | E67: 29 | F67: 122 | G67: 0 | H67: 3 | I67: 30 | J67: Reorder Required | K67: 3 | L67: Restock immediately
A68: INV00067 | B68: OUT002 | C68: BP017 | D68: 144 | E68: 84 | F68: 52 | G68: 173 | H68: 3 | I68: 19 | J68: Healthy | K68: 2
A69: INV00068 | B69: OUT002 | C69: BP018 | D69: 90 | E69: 100 | F69: 77 | G69: 111 | H69: 2 | I69: 27 | J69: Healthy | K69: 3
A70: INV00069 | B70: OUT002 | C70: BP019 | D70: 53 | E70: 80 | F70: 101 | G70: 32 | H70: 0 | I70: 36 | J70: Reorder Required | K70: 2 | L70: Restock immediately
A71: INV00070 | B71: OUT002 | C71: BP020 | D71: 79 | E71: 33 | F71: 129 | G71: 0 | H71: 1 | I71: 24 | J71: Reorder Required | K71: 4 | L71: Restock immediately
A72: INV00071 | B72: OUT002 | C72: BP021 | D72: 91 | E72: 92 | F72: 86 | G72: 95 | H72: 2 | I72: 20 | J72: Healthy | K72: 4
A73: INV00072 | B73: OUT002 | C73: BP022 | D73: 149 | E73: 45 | F73: 66 | G73: 125 | H73: 3 | I73: 21 | J73: Healthy | K73: 4
A74: INV00073 | B74: OUT002 | C74: BP023 | D74: 55 | E74: 76 | F74: 61 | G74: 70 | H74: 0 | I74: 28 | J74: Healthy | K74: 4
A75: INV00074 | B75: OUT002 | C75: BP024 | D75: 49 | E75: 21 | F75: 74 | G75: 0 | H75: 3 | I75: 34 | J75: Reorder Required | K75: 4 | L75: Restock immediately
A76: INV00075 | B76: OUT002 | C76: BP025 | D76: 101 | E76: 32 | F76: 84 | G76: 46 | H76: 3 | I76: 15 | J76: Healthy | K76: 5
A77: INV00076 | B77: OUT002 | C77: BP026 | D77: 98 | E77: 21 | F77: 104 | G77: 12 | H77: 3 | I77: 16 | J77: Reorder Required | K77: 4 | L77: Restock immediately
A78: INV00077 | B78: OUT002 | C78: BP027 | D78: 98 | E78: 66 | F78: 46 | G78: 117 | H78: 1 | I78: 29 | J78: Healthy | K78: 3
A79: INV00078 | B79: OUT002 | C79: BP028 | D79: 65 | E79: 91 | F79: 107 | G79: 48 | H79: 1 | I79: 25 | J79: Healthy | K79: 4
A80: INV00079 | B80: OUT002 | C80: BP029 | D80: 58 | E80: 29 | F80: 79 | G80: 5 | H80: 3 | I80: 36 | J80: Reorder Required | K80: 3 | L80: Restock immediately
A81: INV00080 | B81: OUT002 | C81: BP030 | D81: 62 | E81: 37 | F81: 105 | G81: 0 | H81: 7 | I81: 24 | J81: Reorder Required | K81: 5 | L81: Restock immediately
A82: INV00081 | B82: OUT002 | C82: BP031 | D82: 98 | E82: 59 | F82: 68 | G82: 87 | H82: 2 | I82: 31 | J82: Healthy | K82: 5
A83: INV00082 | B83: OUT002 | C83: BP032 | D83: 118 | E83: 100 | F83: 61 | G83: 151 | H83: 6 | I83: 35 | J83: Healthy | K83: 2
A84: INV00083 | B84: OUT002 | C84: BP033 | D84: 132 | E84: 32 | F84: 124 | G84: 33 | H84: 7 | I84: 21 | J84: Healthy | K84: 5
A85: INV00084 | B85: OUT002 | C85: BP034 | D85: 102 | E85: 51 | F85: 107 | G85: 39 | H85: 7 | I85: 37 | J85: Healthy | K85: 5
A86: INV00085 | B86: OUT002 | C86: BP035 | D86: 119 | E86: 84 | F86: 83 | G86: 118 | H86: 2 | I86: 18 | J86: Healthy | K86: 3
A87: INV00086 | B87: OUT002 | C87: BP036 | D87: 90 | E87: 100 | F87: 105 | G87: 82 | H87: 3 | I87: 32 | J87: Healthy | K87: 4
A88: INV00087 | B88: OUT002 | C88: BP037 | D88: 107 | E88: 64 | F88: 122 | G88: 43 | H88: 6 | I88: 33 | J88: Healthy | K88: 1
A89: INV00088 | B89: OUT002 | C89: BP038 | D89: 70 | E89: 47 | F89: 74 | G89: 39 | H89: 4 | I89: 17 | J89: Healthy | K89: 2
A90: INV00089 | B90: OUT002 | C90: BP039 | D90: 150 | E90: 60 | F90: 56 | G90: 146 | H90: 8 | I90: 33 | J90: Healthy | K90: 2
A91: INV00090 | B91: OUT002 | C91: BP040 | D91: 143 | E91: 82 | F91: 87 | G91: 131 | H91: 7 | I91: 19 | J91: Healthy | K91: 1
A92: INV00091 | B92: OUT002 | C92: BP041 | D92: 123 | E92: 85 | F92: 50 | G92: 157 | H92: 1 | I92: 20 | J92: Healthy | K92: 3
A93: INV00092 | B93: OUT002 | C93: BP042 | D93: 122 | E93: 75 | F93: 60 | G93: 134 | H93: 3 | I93: 35 | J93: Healthy | K93: 3
... A98: INV00097 | B98: OUT002 | C98: BP047 | D98: 135 | E98: 93 | F98: 65 | G98: 162 | H98: 1 | I98: 31 | J98: Healthy | K98: 1
A99: INV00098 | B99: OUT002 | C99: BP048 | D99: 61 | E99: 26 | F99: 78 | G99: 6 | H99: 3 | I99: 35 | J99: Reorder Required | K99: 1 | L99: Restock immediately
A100: INV00099 | B100: OUT002 | C100: BP049 | D100: 128 | E100: 38 | F100: 99 | G100: 66 | H100: 1 | I100: 29 | J100: Healthy | K100: 2
A101: INV00100 | B101: OUT002 | C101: BP050 | D101: 69 | E101: 24 | F101: 84 | G101: 6 | H101: 3 | I101: 19 | J101: Reorder Required | K101: 4 | L101: Restock immediately
A102: INV00101 | B102: OUT003 | C102: BP001 | D102: 104 | E102: 32 | F102: 129 | G102: 6 | H102: 1 | I102: 22 | J102: Reorder Required | K102: 5 | L102: Restock immediately
A103: INV00102 | B103: OUT003 | C103: BP002 | D103: 98 | E103: 26 | F103: 120 | G103: 3 | H103: 1 | I103: 15 | J103: Reorder Required | K103: 4 | L103: Restock immediately
A104: INV00103 | B104: OUT003 | C104: BP003 | D104: 83 | E104: 31 | F104: 136 | G104: 0 | H104: 3 | I104: 15 | J104: Reorder Required | K104: 5 | L104: Restock immediately
...
